car_id,car_name,min_price,max_price,struct_2x,struct_3x,struct_suv,struct_mpv,struct_bus,gb_manual,gb_auto,gb_ma_au,gb_amt,gb_double,gb_stepless,gb_fixed,fc_low,fc_high,emission_E,emission_0.8L,emission_1.0L,emission_1.0T,emission_1.1L,emission_1.2L,emission_1.2T,emission_1.3L,emission_1.3T,emission_1.4L,emission_1.4T,emission_1.5L,emission_1.5T,emission_1.6L,emission_1.6T,emission_1.8L,emission_1.8T,emission_1.9T,emission_2.0L,emission_2.0T,emission_2.2L,emission_2.3L,emission_2.3T,emission_2.4L,emission_2.4T,emission_2.5L,emission_2.5T,emission_2.7L,emission_2.7T,emission_2.8L,emission_3.0L,emission_3.0T,emission_3.5L,emission_3.6L
0,广汽传祺GA8,14.98,29.98,0,1,0,0,0,0,0,1,0,0,0,0,8,8,0,0,0,0,0,0,0,0,0,0,0,0,0,0,0,0,1,0,0,1,0,0,0,0,0,0,0,0,0,0,0,0,0,0
1,广汽传祺GA6,10.28,19.68,0,1,0,0,0,1,0,0,0,1,0,0,6,7,0,0,0,0,0,0,0,0,0,0,0,0,1,0,1,0,1,0,0,0,0,0,0,0,0,0,0,0,0,0,0,0,0,0
2,广汽传祺GA5,19.93,21.93,0,1,0,0,0,0,0,0,0,0,0,1,2,2,0,0,1,0,0,0,0,0,0,0,0,0,0,0,0,0,0,0,0,0,0,0,0,0,0,0,0,0,0,0,0,0,0,0
3,广汽传祺GA3,6.98,11.98,0,1,0,0,0,1,1,0,0,0,0,0,6,6,0,0,0,0,0,0,0,0,1,0,0,0,0,1,0,0,0,0,0,0,0,0,0,0,0,0,0,0,0,0,0,0,0,0
4,起亚K3S,10.18,14.38,1,0,0,0,0,1,0,1,0,0,0,0,6,7,0,0,0,0,0,0,0,0,0,0,0,0,0,1,0,0,0,0,0,0,0,0,0,0,0,0,0,0,0,0,0,0,0,0
5,海马M6,6.98,10.28,0,1,0,0,0,1,0,0,0,0,1,0,7,8,0,0,0,0,0,0,0,0,0,0,0,0,1,1,0,0,0,0,0,0,0,0,0,0,0,0,0,0,0,0,0,0,0,0
6,海马M3,5.58,8.18,0,1,0,0,0,1,0,0,0,0,1,0,6,6,0,0,0,0,0,0,0,0,0,0,0,1,0,0,0,0,0,0,0,0,0,0,0,0,0,0,0,0,0,0,0,0,0,0
7,红旗H7,24.98,47.98,0,1,0,0,0,0,0,1,0,0,0,0,10,10,0,0,0,0,0,0,0,0,0,0,0,0,0,0,0,0,1,0,0,1,0,0,0,0,0,0,0,0,0,0,1,0,0,0
8,猎豹Q6,11.99,18.98,0,0,1,0,0,1,1,0,0,0,0,0,9,12,0,0,0,0,0,0,0,0,0,0,0,0,0,0,0,0,0,0,0,1,0,0,0,1,0,0,0,0,0,0,0,0,0,0
9,华泰B11,11.97,17.67,0,1,0,0,0,1,1,0,0,0,0,0,8,9,0,0,0,0,0,0,0,0,0,0,0,0,0,0,0,0,1,0,0,1,0,0,0,0,0,0,0,0,0,0,0,0,0,0
10,路虎发现神行,36.8,51.8,0,0,1,0,0,0,0,1,0,0,0,0,8,8,0,0,0,0,0,0,0,0,0,0,0,0,0,0,0,0,0,0,0,1,0,0,0,0,0,0,0,0,0,0,0,0,0,0
11,宝骏730,6.08,10.28,0,0,0,1,0,1,0,0,1,0,0,0,7,8,0,0,0,0,0,0,0,0,0,0,0,1,1,0,0,1,0,0,0,0,0,0,0,0,0,0,0,0,0,0,0,0,0,0
12,力帆520,3.99,7.88,1,1,0,0,0,1,0,0,0,0,0,0,6,8,0,0,0,0,0,0,0,1,0,0,0,1,0,1,0,0,0,0,0,0,0,0,0,0,0,0,0,0,0,0,0,0,0,0
13,铃木雨燕,5.48,8.28,1,0,0,0,0,1,1,0,0,0,0,0,6,7,0,0,0,0,0,0,0,1,0,0,0,1,0,0,0,0,0,0,0,0,0,0,0,0,0,0,0,0,0,0,0,0,0,0
14,奇瑞QQ3,2.68,5.94,1,0,0,0,0,1,0,0,1,0,0,0,6,7,0,1,1,0,1,0,0,0,0,0,0,0,0,0,0,0,0,0,0,0,0,0,0,0,0,0,0,0,0,0,0,0,0,0
15,起亚智跑,14.48,18.98,0,0,1,0,0,1,0,1,0,0,0,0,8,10,0,0,0,0,0,0,0,0,0,0,0,0,0,0,0,0,0,0,1,0,0,0,0,0,0,0,0,0,0,0,0,0,0,0
16,别克英朗,10.99,15.99,0,1,0,0,0,1,0,1,0,1,0,0,6,8,0,0,0,0,0,0,0,0,0,0,1,1,0,0,0,0,0,0,0,0,0,0,0,0,0,0,0,0,0,0,0,0,0,0
17,比亚迪元,5.99,12.19,0,0,1,0,0,1,0,0,0,1,0,0,6,6,0,0,0,0,0,0,0,0,0,0,0,1,1,0,0,0,0,0,0,0,0,0,0,0,0,0,0,0,0,0,0,0,0,0
18,力帆530,5.18,5.38,0,1,0,0,0,1,0,0,0,0,0,0,6,6,0,0,0,0,0,0,0,1,0,0,0,1,0,0,0,0,0,0,0,0,0,0,0,0,0,0,0,0,0,0,0,0,0,0
19,吉利海景,5.19,10.19,0,1,0,0,0,1,0,1,0,0,0,0,6,6,0,0,0,0,0,0,0,0,0,0,0,1,0,0,0,1,0,0,0,0,0,0,0,0,0,0,0,0,0,0,0,0,0,0
20,马自达3星骋两厢,9.48,12.58,1,1,0,0,0,1,0,1,0,0,0,0,6,8,0,0,0,0,0,0,0,0,0,0,0,0,0,1,0,0,0,0,1,0,0,0,0,0,0,0,0,0,0,0,0,0,0,0
21,别克昂科拉,13.99,18.99,0,0,1,0,0,1,0,1,0,0,0,0,7,8,0,0,0,0,0,0,0,0,0,0,1,0,0,0,0,0,0,0,0,0,0,0,0,0,0,0,0,0,0,0,0,0,0,0
22,江淮悦悦,3.88,4.18,1,0,0,0,0,1,0,0,0,0,0,0,5,5,0,0,1,0,0,0,0,0,0,0,0,0,0,0,0,0,0,0,0,0,0,0,0,0,0,0,0,0,0,0,0,0,0,0
23,奇瑞E5,6.58,8.48,0,1,0,0,0,1,0,0,0,0,1,0,6,9,0,0,0,0,0,0,0,0,0,0,0,1,0,0,0,1,0,0,0,0,0,0,0,0,0,0,0,0,0,0,0,0,0,0
24,日产奇骏,17.98,26.88,0,0,1,0,0,1,0,0,0,0,1,0,7,10,0,0,0,0,0,0,0,0,0,0,0,0,0,0,0,0,0,0,1,0,0,0,0,0,0,1,0,0,0,0,0,0,0,0
25,奇瑞E3,5.29,6.49,0,1,0,0,0,1,0,0,0,0,0,0,6,6,0,0,0,0,0,0,0,0,0,0,0,1,0,0,0,0,0,0,0,0,0,0,0,0,0,0,0,0,0,0,0,0,0,0
26,日产玛驰,5.98,8.75,1,0,0,0,0,1,1,0,0,0,0,0,6,7,0,0,0,0,0,1,0,0,0,0,0,1,0,0,0,0,0,0,0,0,0,0,0,0,0,0,0,0,0,0,0,0,0,0
27,东风风神A60,6.97,8.97,0,1,0,0,0,1,1,0,0,1,0,0,6,8,0,0,0,0,0,0,0,0,0,0,1,1,0,1,0,0,0,0,0,0,0,0,0,0,0,0,0,0,0,0,0,0,0,0
28,东风风神A30,5.97,8.57,0,1,0,0,0,1,0,1,0,0,0,0,6,6,0,0,0,0,0,0,0,0,0,0,0,1,0,0,0,0,0,0,0,0,0,0,0,0,0,0,0,0,0,0,0,0,0,0
29,陆风风尚,6.98,10.93,0,0,0,1,0,1,1,0,0,0,0,0,8,8,0,0,0,0,0,0,0,0,0,0,0,1,0,1,0,1,0,0,1,0,0,0,0,0,0,0,0,0,0,0,0,0,0,0
30,现代名图,12.98,17.68,0,1,0,0,0,1,0,1,0,1,0,0,6,8,0,0,0,0,0,0,0,0,0,0,0,0,0,0,1,1,0,0,1,0,0,0,0,0,0,0,0,0,0,0,0,0,0,0
31,海马S5,7.38,11.68,0,0,1,0,0,1,0,0,0,0,1,0,7,8,0,0,0,0,0,0,0,0,0,0,0,0,1,1,0,0,0,0,0,0,0,0,0,0,0,0,0,0,0,0,0,0,0,0
32,一汽骏派D60,6.49,9.99,0,0,1,0,0,1,0,1,0,0,0,0,7,7,0,0,0,0,0,0,0,0,0,0,0,1,0,0,0,1,0,0,0,0,0,0,0,0,0,0,0,0,0,0,0,0,0,0
33,MG名爵锐行,7.79,12.99,0,1,0,0,0,1,1,1,0,1,0,0,6,8,0,0,0,0,0,0,0,0,0,0,1,1,1,0,0,0,0,0,0,0,0,0,0,0,0,0,0,0,0,0,0,0,0,0
34,哈飞赛马,5.48,8.47,1,0,0,0,0,1,1,0,0,0,0,0,7,7,0,0,0,0,0,0,0,1,0,0,0,1,0,1,0,0,0,0,0,0,0,0,0,0,0,0,0,0,0,0,0,0,0,0
35,丰田逸致,15.98,18.98,0,0,0,1,0,0,0,0,0,0,1,0,7,8,0,0,0,0,0,0,0,0,0,0,0,0,0,0,0,1,0,0,0,0,0,0,0,0,0,0,0,0,0,0,0,0,0,0
36,长安CS75,9.28,16.28,0,0,1,0,0,1,0,1,0,0,0,0,7,10,0,0,0,0,0,0,0,0,0,0,0,0,1,0,0,0,1,0,1,0,0,0,0,0,0,0,0,0,0,0,0,0,0,0
37,理念S1,6.78,9.98,0,1,0,0,0,1,1,0,0,0,0,0,6,7,0,0,0,0,0,0,0,1,0,0,0,1,0,0,0,0,0,0,0,0,0,0,0,0,0,0,0,0,0,0,0,0,0,0
38,一汽夏利A+三厢,3.1,3.5,1,1,0,0,0,1,0,0,0,0,0,0,6,6,0,0,1,0,0,0,0,0,0,0,0,0,0,0,0,0,0,0,0,0,0,0,0,0,0,0,0,0,0,0,0,0,0,0
39,斯柯达昕动,6.99,11.99,1,0,0,0,0,1,1,0,0,1,0,0,6,6,0,0,0,0,0,0,0,0,0,1,1,0,0,1,0,0,0,0,0,0,0,0,0,0,0,0,0,0,0,0,0,0,0,0
40,东南DX7,9.69,13.99,0,0,1,0,0,1,0,1,0,0,0,0,8,9,0,0,0,0,0,0,0,0,0,0,0,0,1,0,0,0,0,0,0,1,0,0,0,0,0,0,0,0,0,0,0,0,0,0
41,奔驰E级,42.28,62.98,0,1,0,0,0,0,0,1,0,0,0,0,7,10,0,0,0,0,0,0,0,0,0,0,0,0,0,0,0,0,0,0,0,1,0,0,0,0,0,0,0,0,0,0,0,1,0,0
42,日产西玛,23.48,26.78,0,1,0,0,0,0,0,0,0,0,1,0,8,8,0,0,0,0,0,0,0,0,0,0,0,0,0,0,0,0,0,0,0,0,0,0,0,0,0,1,0,0,0,0,0,0,0,0
43,铃木利亚纳两厢,5.29,8.29,1,1,0,0,0,1,1,0,0,0,0,0,6,8,0,0,0,0,0,0,0,0,0,1,0,1,0,0,0,0,0,0,0,0,0,0,0,0,0,0,0,0,0,0,0,0,0,0
44,本田锋范,7.98,11.98,0,1,0,0,0,1,0,0,0,0,1,0,5,6,0,0,0,0,0,0,0,0,0,0,0,1,0,0,0,0,0,0,0,0,0,0,0,0,0,0,0,0,0,0,0,0,0,0
45,铃木锋驭,10.98,16.48,0,0,1,0,0,1,0,1,0,0,1,0,6,6,0,0,0,0,0,0,0,0,0,0,1,0,0,1,0,0,0,0,0,0,0,0,0,0,0,0,0,0,0,0,0,0,0,0
46,本田思铂睿,17.98,26.79,0,1,0,0,0,0,0,0,0,1,0,1,4,9,0,0,0,0,0,0,0,0,0,0,0,0,0,0,0,0,0,0,1,0,0,0,0,1,0,0,0,0,0,0,0,0,0,0
47,福田伽途ix5,4.89,5.89,0,0,0,0,1,1,0,0,0,0,0,0,6,6,0,0,0,0,0,0,0,0,0,0,0,1,0,0,0,0,0,0,0,0,0,0,0,0,0,0,0,0,0,0,0,0,0,0
48,吉利EC8,8.89,20.98,0,1,0,0,0,1,0,1,0,0,0,0,8,10,0,0,0,0,0,0,0,0,0,0,0,0,0,0,0,0,0,0,1,0,0,0,0,1,0,0,0,0,0,0,0,0,0,0
49,奇瑞艾瑞泽7,7.99,9.59,0,1,0,0,0,1,0,0,0,0,1,0,6,8,0,0,0,0,0,0,0,0,0,0,0,0,1,1,0,0,0,0,0,0,0,0,0,0,0,0,0,0,0,0,0,0,0,0
50,奇瑞艾瑞泽3,5.79,7.49,0,1,0,0,0,1,1,0,0,0,0,0,6,7,0,0,0,0,0,0,0,0,0,0,0,1,0,0,0,0,0,0,0,0,0,0,0,0,0,0,0,0,0,0,0,0,0,0
51,福田伽途V3,3.18,3.61,0,0,0,0,1,1,0,0,0,0,0,0,6,6,0,0,1,0,0,1,0,0,0,0,0,0,0,0,0,0,0,0,0,0,0,0,0,0,0,0,0,0,0,0,0,0,0,0
52,奔驰C级,31.28,48.9,0,1,0,0,0,0,0,1,0,0,0,0,6,10,0,0,0,0,0,0,0,0,0,0,0,0,0,0,1,0,0,0,0,1,0,0,0,0,0,0,0,0,0,0,0,0,0,0
53,丰田普拉多,36.98,62.53,0,0,1,0,0,1,0,1,0,0,0,0,12,13,0,0,0,0,0,0,0,0,0,0,0,0,0,0,0,0,0,0,0,0,0,0,0,0,0,0,0,1,0,0,0,0,1,0
54,一汽威志三厢,5,6.88,1,1,0,0,0,1,0,1,0,0,0,0,7,8,0,0,0,0,0,0,0,1,0,1,0,1,0,1,0,0,0,0,0,0,0,0,0,0,0,0,0,0,0,0,0,0,0,0
55,江淮iEV,12.85,15.85,0,1,0,0,0,0,0,0,0,0,0,1,0,0,1,0,0,0,0,0,0,0,0,0,0,0,0,0,0,0,0,0,0,0,0,0,0,0,0,0,0,0,0,0,0,0,0,0
56,大众Polo GTI,7.59,14.69,1,0,0,0,0,1,1,1,0,1,0,0,6,8,0,0,0,0,0,0,0,0,0,1,1,0,0,1,0,0,0,0,0,0,0,0,0,0,0,0,0,0,0,0,0,0,0,0
57,现代ix25,11.98,18.68,0,0,1,0,0,1,0,1,0,1,0,0,7,8,0,0,0,0,0,0,0,0,0,0,0,0,0,1,1,0,0,0,1,0,0,0,0,0,0,0,0,0,0,0,0,0,0,0
58,三菱新劲炫 ASX,11.48,14.98,0,0,1,0,0,1,0,0,0,0,1,0,6,8,0,0,0,0,0,0,0,0,0,0,0,0,0,1,0,0,0,0,1,0,0,0,0,0,0,0,0,0,0,0,0,0,0,0
59,本田奥德赛,22.98,35.48,0,0,0,1,0,0,0,0,0,0,1,0,8,9,0,0,0,0,0,0,0,0,0,0,0,0,0,0,0,0,0,0,0,0,0,0,0,1,0,0,0,0,0,0,0,0,0,0
60,长安CX70,5.99,10.99,0,0,1,0,0,1,0,1,0,0,0,0,8,8,0,0,0,0,0,0,0,0,0,0,0,0,1,1,0,0,0,0,0,0,0,0,0,0,0,0,0,0,0,0,0,0,0,0
61,大众Polo,7.59,14.69,1,0,0,0,0,1,1,1,0,1,0,0,6,8,0,0,0,0,0,0,0,0,0,1,1,0,0,1,0,0,0,0,0,0,0,0,0,0,0,0,0,0,0,0,0,0,0,0
62,中华H220,5.48,6.78,1,0,0,0,0,1,0,0,1,0,0,0,6,7,0,0,0,0,0,0,0,0,0,0,0,1,0,0,0,0,0,0,0,0,0,0,0,0,0,0,0,0,0,0,0,0,0,0
63,江淮和悦A30,5.29,7.69,0,1,0,0,0,1,0,0,0,0,1,0,6,7,0,0,0,0,0,0,0,0,0,0,0,1,0,0,0,0,0,0,0,0,0,0,0,0,0,0,0,0,0,0,0,0,0,0
64,起亚赛拉图,8.98,11.48,0,1,0,0,0,1,1,0,0,0,0,0,7,8,0,0,0,0,0,0,0,0,0,0,0,0,0,1,0,0,0,0,0,0,0,0,0,0,0,0,0,0,0,0,0,0,0,0
65,起亚狮跑,10.98,14.68,0,0,1,0,0,1,0,1,0,0,0,0,9,11,0,0,0,0,0,0,0,0,0,0,0,0,0,0,0,0,0,0,1,0,0,0,0,0,0,0,0,0,0,0,0,0,0,0
66,长安CX20,5.69,6.59,1,0,0,0,0,1,0,0,1,0,0,0,6,8,0,0,0,0,0,0,0,0,0,1,0,0,0,0,0,0,0,0,0,0,0,0,0,0,0,0,0,0,0,0,0,0,0,0
67,大众Cross Polo,7.59,14.69,1,0,0,0,0,1,1,1,0,1,0,0,6,8,0,0,0,0,0,0,0,0,0,1,1,0,0,1,0,0,0,0,0,0,0,0,0,0,0,0,0,0,0,0,0,0,0,0
68,日产天籁,17.58,29.88,0,1,0,0,0,0,0,0,0,0,1,0,7,10,0,0,0,0,0,0,0,0,0,0,0,0,0,0,0,0,0,0,1,0,0,0,0,0,0,1,0,0,0,0,0,0,0,0
69,北京北京40,12.98,16.98,0,0,1,0,0,1,0,1,0,0,0,0,9,11,0,0,0,0,0,0,0,0,0,0,0,0,0,0,0,0,0,0,0,1,0,0,1,0,0,0,0,0,0,0,0,0,0,0
70,华泰经典圣达菲,6.08,6.98,0,0,1,0,0,1,0,0,0,0,0,0,6,11,0,0,0,0,0,0,0,0,0,0,0,0,0,0,0,0,0,0,1,0,0,0,0,0,0,0,0,0,0,0,0,0,0,0
71,启辰R30,3.99,5.19,1,0,0,0,0,1,0,0,0,0,0,0,6,6,0,0,0,0,0,1,0,0,0,0,0,0,0,0,0,0,0,0,0,0,0,0,0,0,0,0,0,0,0,0,0,0,0,0
72,北汽绅宝X65,9.88,14.98,0,0,1,0,0,1,0,1,0,0,0,0,8,8,0,0,0,0,0,0,0,0,0,0,0,0,0,0,0,0,0,0,0,1,0,0,0,0,0,0,0,0,0,0,0,0,0,0
73,现代伊兰特,8.98,9.88,0,1,0,0,0,1,1,0,0,0,0,0,7,9,0,0,0,0,0,0,0,0,0,0,0,0,0,1,0,0,0,0,0,0,0,0,0,0,0,0,0,0,0,0,0,0,0,0
74,启辰R50,6.98,8.58,1,0,0,0,0,1,1,0,0,0,0,0,6,7,0,0,0,0,0,0,0,0,0,0,0,0,0,1,0,0,0,0,0,0,0,0,0,0,0,0,0,0,0,0,0,0,0,0
75,现代ix35,14.98,22.28,0,0,1,0,0,1,0,1,0,0,0,0,8,9,0,0,0,0,0,0,0,0,0,0,0,0,0,0,0,0,0,0,1,0,0,0,0,1,0,0,0,0,0,0,0,0,0,0
76,现代悦动,7.88,12.08,0,1,0,0,0,1,1,0,0,0,0,0,6,8,0,0,0,0,0,0,0,0,0,0,0,0,0,1,0,0,0,0,0,0,0,0,0,0,0,0,0,0,0,0,0,0,0,0
77,华泰新圣达菲,7.75,16.18,0,0,1,0,0,1,1,0,0,0,0,0,7,8,0,0,0,0,0,0,0,0,0,0,0,0,1,0,0,0,0,0,0,1,0,0,0,0,0,0,0,0,0,0,0,0,0,0
78,长安睿骋,10.88,20.18,0,1,0,0,0,1,0,1,0,0,0,0,8,9,0,0,0,0,0,0,0,0,0,0,0,0,0,0,0,0,1,0,1,0,0,0,0,0,0,0,0,0,0,0,0,0,0,0
79,别克林荫大道,30.89,49.88,0,1,0,0,0,0,0,1,0,0,0,0,11,12,0,0,0,0,0,0,0,0,0,0,0,0,0,0,0,0,0,0,0,0,0,0,0,0,0,0,0,0,0,1,1,0,0,1
80,威麟X5,10.98,14.38,0,0,1,0,0,1,0,0,0,0,0,0,9,9,0,0,0,0,0,0,0,0,0,0,0,0,0,0,0,0,0,0,0,1,0,0,0,0,0,0,0,0,0,0,0,0,0,0
81,奥迪A3 Sportback,13.78,18.49,1,0,0,0,0,0,0,0,0,1,0,0,5,6,0,0,0,0,0,0,0,0,0,0,1,0,0,0,0,0,0,0,0,0,0,0,0,0,0,0,0,0,0,0,0,0,0,0
82,斯柯达晶锐,6.99,10.99,1,0,0,0,0,1,1,0,0,0,0,0,6,8,0,0,0,0,0,0,0,0,0,1,0,0,0,1,0,0,0,0,0,0,0,0,0,0,0,0,0,0,0,0,0,0,0,0
83,荣威e550,15.88,18.38,0,1,0,0,0,0,1,0,0,0,0,0,2,2,0,0,0,0,0,0,0,0,0,0,0,1,0,0,0,0,0,0,0,0,0,0,0,0,0,0,0,0,0,0,0,0,0,0
84,吉利新帝豪,7.78,10.88,0,0,1,0,0,1,0,0,0,1,0,0,6,7,0,0,0,0,0,0,0,0,1,0,0,0,0,0,0,1,0,0,0,0,0,0,0,0,0,0,0,0,0,0,0,0,0,0
85,中华酷宝,12.89,16.95,1,0,0,0,0,1,0,1,0,0,0,0,8,10,0,0,0,0,0,0,0,0,0,0,0,0,0,0,0,1,1,0,0,0,0,0,0,0,0,0,0,0,0,0,0,0,0,0
86,现代瑞纳三厢,7.39,10.69,0,1,0,0,0,1,1,0,0,0,0,0,6,7,0,0,0,0,0,0,0,0,0,1,0,0,0,1,0,0,0,0,0,0,0,0,0,0,0,0,0,0,0,0,0,0,0,0
87,大众朗行,11.29,16.29,1,0,0,0,0,1,0,1,0,1,0,0,6,7,0,0,0,0,0,0,1,0,0,0,1,0,0,1,0,0,0,0,0,0,0,0,0,0,0,0,0,0,0,0,0,0,0,0
88,长安商用长安之星,2.5,5.09,0,0,0,0,1,1,0,0,0,0,0,0,8,8,0,0,1,0,0,1,0,1,0,0,0,0,0,0,0,0,0,0,0,0,0,0,0,0,0,0,0,0,0,0,0,0,0,0
89,哈弗H9,20.98,27.28,0,0,1,0,0,0,0,1,0,0,0,0,10,12,0,0,0,0,0,0,0,0,0,0,0,0,0,0,0,0,0,0,0,1,0,0,0,0,0,0,0,0,0,0,0,0,0,0
90,猎豹CS6,14.68,19.78,0,0,1,0,0,1,0,0,0,0,0,0,10,12,0,0,0,0,0,0,0,0,0,0,0,0,0,0,0,0,0,0,0,0,0,0,0,1,0,0,0,0,0,0,0,0,0,0
91,哈弗H8,18.88,25.68,0,0,1,0,0,0,0,1,0,0,0,0,10,11,0,0,0,0,0,0,0,0,0,0,0,0,0,0,0,0,0,0,0,1,0,0,0,0,0,0,0,0,0,0,0,0,0,0
92,哈弗H7,14.98,19.38,0,0,1,0,0,0,0,0,0,1,0,0,8,8,0,0,0,0,0,0,0,0,0,0,0,0,0,0,0,0,0,0,0,1,0,0,0,0,0,0,0,0,0,0,0,0,0,0
93,哈弗H6,8.88,14.68,0,0,1,0,0,1,0,1,0,1,0,0,7,10,0,0,0,0,0,0,0,0,1,0,0,0,1,0,0,0,0,0,0,1,0,0,0,0,0,0,0,0,0,0,0,0,0,0
94,哈弗H5,9.48,16.38,0,0,1,0,0,1,0,1,0,0,0,0,7,10,0,0,0,0,0,0,0,0,0,0,0,0,0,0,0,0,0,0,1,1,0,0,0,0,0,0,0,0,0,0,0,0,0,0
95,哈弗H2,8.68,11.88,0,0,1,0,0,1,0,1,0,0,0,0,7,9,0,0,0,0,0,0,0,0,0,0,0,0,1,0,0,0,0,0,0,0,0,0,0,0,0,0,0,0,0,0,0,0,0,0
96,哈弗H1,5.49,7.89,0,0,1,0,0,1,0,0,1,0,0,0,6,6,0,0,0,0,0,0,0,0,0,0,0,1,0,0,0,0,0,0,0,0,0,0,0,0,0,0,0,0,0,0,0,0,0,0
97,日产骐达,9.99,13.49,1,0,0,0,0,1,0,0,0,0,1,0,5,8,0,0,0,0,0,0,0,0,0,0,0,0,0,1,0,0,0,0,0,0,0,0,0,0,0,0,0,0,0,0,0,0,0,0
98,日产全新蓝鸟,10.59,14.39,0,1,0,0,0,1,0,0,0,0,1,0,5,6,0,0,0,0,0,0,0,0,0,0,0,0,0,1,0,0,0,0,0,0,0,0,0,0,0,0,0,0,0,0,0,0,0,0
99,吉利博越,9.88,15.78,0,0,1,0,0,1,0,1,0,0,0,0,7,8,0,0,0,0,0,0,0,0,0,0,0,0,0,0,0,0,1,0,1,0,0,0,0,0,0,0,0,0,0,0,0,0,0,0
100,奔腾X80,9.98,14.78,0,0,1,0,0,1,0,1,0,0,0,0,8,10,0,0,0,0,0,0,0,0,0,0,0,0,0,0,0,0,1,0,1,0,0,0,0,0,0,0,0,0,0,0,0,0,0,0
101,日产楼兰,23.88,37.98,0,0,1,0,0,0,0,0,0,0,1,0,8,11,0,0,0,0,0,0,0,0,0,0,0,0,0,0,0,0,0,0,0,0,0,0,0,0,0,1,1,0,0,0,0,0,0,0
102,凯迪拉克XT5,35.99,53.99,0,0,1,0,0,0,0,1,0,0,0,0,8,9,0,0,0,0,0,0,0,0,0,0,0,0,0,0,0,0,0,0,0,1,0,0,0,0,0,0,0,0,0,0,0,0,0,0
103,中华H230,5.58,6.88,0,1,0,0,0,1,0,0,1,0,0,0,6,6,0,0,0,0,0,0,0,0,0,0,0,1,0,0,0,0,0,0,0,0,0,0,0,0,0,0,0,0,0,0,0,0,0,0
104,丰田雷凌,10.98,15.98,0,1,0,0,0,1,0,0,0,0,1,0,4,6,0,0,0,0,0,0,1,0,0,0,0,0,0,0,0,1,0,0,0,0,0,0,0,0,0,0,0,0,0,0,0,0,0,0
105,长安商用欧尚,5.19,7.09,0,0,0,1,0,1,0,0,0,0,0,0,7,7,0,0,0,0,0,0,0,0,0,0,0,1,0,0,0,0,0,0,0,0,0,0,0,0,0,0,0,0,0,0,0,0,0,0
106,丰田凯美瑞混动,18.78,32.98,0,1,0,0,0,0,0,1,0,0,1,0,5,10,0,0,0,0,0,0,0,0,0,0,0,0,0,0,0,0,0,0,1,0,0,0,0,0,0,1,0,0,0,0,0,0,0,0
107,哈飞路宝,3.34,5.28,1,0,0,0,0,1,0,0,1,0,0,0,6,7,0,0,1,0,1,0,0,1,0,0,0,0,0,0,0,0,0,0,0,0,0,0,0,0,0,0,0,0,0,0,0,0,0,0
108,凯迪拉克XTS,34.99,47.99,0,1,0,0,0,0,0,1,0,0,0,0,9,10,0,0,0,0,0,0,0,0,0,0,0,0,0,0,0,0,0,0,0,1,0,0,0,0,0,0,0,0,0,0,0,0,0,0
109,奇瑞旗云2,4.78,5.98,1,0,0,0,0,1,0,0,0,0,0,0,7,7,0,0,0,0,0,0,0,0,0,0,0,1,0,0,0,0,0,0,0,0,0,0,0,0,0,0,0,0,0,0,0,0,0,0
110,东风风行景逸,7.99,10.89,0,0,1,0,0,1,0,0,0,0,1,0,7,8,0,0,0,0,0,0,0,0,0,0,0,0,0,1,0,0,1,0,1,0,0,0,0,0,0,0,0,0,0,0,0,0,0,0
111,比亚迪唐,25.13,51.88,0,0,1,0,0,0,0,0,0,1,0,0,2,2,0,0,0,0,0,0,0,0,0,0,0,0,0,0,0,0,0,0,0,1,0,0,0,0,0,0,0,0,0,0,0,0,0,0
112,起亚秀尔,10.38,12.78,1,0,0,0,0,1,0,1,0,0,0,0,7,8,0,0,0,0,0,0,0,0,0,0,0,0,0,1,0,0,0,0,0,0,0,0,0,0,0,0,0,0,0,0,0,0,0,0
113,雷诺科雷嘉,13.98,21.98,0,0,1,0,0,1,0,0,0,0,1,0,6,7,0,0,0,0,0,0,1,0,0,0,0,0,0,0,0,0,0,0,1,0,0,0,0,0,0,0,0,0,0,0,0,0,0,0
114,众泰江南TT,2.08,2.58,1,0,0,0,0,1,0,0,0,0,0,0,5,6,0,1,0,0,0,0,0,0,0,0,0,0,0,0,0,0,0,0,0,0,0,0,0,0,0,0,0,0,0,0,0,0,0,0
115,东风风神东风A9,17.97,21.97,0,1,0,0,0,0,0,1,0,0,0,0,7,7,0,0,0,0,0,0,0,0,0,0,0,0,0,0,0,0,1,0,0,0,0,0,0,0,0,0,0,0,0,0,0,0,0,0
116,丰田卡罗拉,10.78,17.58,0,1,0,0,0,1,0,0,0,0,1,0,4,8,0,0,0,0,0,0,1,0,0,0,0,0,0,1,0,1,0,0,0,0,0,0,0,0,0,0,0,0,0,0,0,0,0,0
117,雪铁龙C3-XR,10.88,17.18,0,0,1,0,0,1,0,1,0,0,0,0,5,7,0,0,0,0,0,0,1,0,0,0,0,0,0,1,1,0,0,0,0,0,0,0,0,0,0,0,0,0,0,0,0,0,0,0
118,开瑞优优,3.45,4.5,0,0,0,0,1,1,0,0,0,0,0,0,6,8,0,0,1,0,0,1,0,0,0,0,0,0,0,0,0,0,0,0,0,0,0,0,0,0,0,0,0,0,0,0,0,0,0,0
119,华泰宝利格,7.37,11.58,0,0,1,0,0,1,0,1,0,0,0,0,7,10,0,0,0,0,0,0,0,0,0,0,0,0,0,0,0,0,1,0,1,0,0,0,0,0,0,0,0,0,0,0,0,0,0,0
120,欧朗欧朗三厢,6.28,8.98,1,1,0,0,0,1,1,0,0,0,0,0,6,7,0,0,0,0,0,0,0,0,0,0,0,1,0,0,0,0,0,0,0,0,0,0,0,0,0,0,0,0,0,0,0,0,0,0
121,福田蒙派克E,7.8,18.3,0,0,0,0,1,1,0,0,0,0,0,0,9,9,0,0,0,0,0,0,0,0,0,0,0,0,0,0,0,0,0,0,1,0,0,0,0,1,0,0,1,0,0,0,0,0,0,0
122,雪佛兰景程,10.88,19.69,0,1,0,0,0,1,1,1,0,0,0,0,8,9,0,0,0,0,0,0,0,0,0,0,0,0,0,0,0,1,0,0,1,0,0,0,0,0,0,0,0,0,0,0,0,0,0,0
123,雪佛兰爱唯欧两厢,7.39,10.99,1,1,0,0,0,1,0,1,0,0,0,0,6,7,0,0,0,0,0,0,0,0,0,1,0,0,0,1,0,0,0,0,0,0,0,0,0,0,0,0,0,0,0,0,0,0,0,0
124,奥迪A4L,29.98,43,0,1,0,0,0,0,0,0,0,1,0,0,6,10,0,0,0,0,0,0,0,0,0,0,0,0,0,0,0,0,0,0,0,1,0,0,0,0,0,0,0,0,0,0,0,0,0,0
125,哈飞赛豹V系,8.38,9.98,0,1,0,0,0,1,0,1,0,0,0,0,8,8,0,0,0,0,0,0,0,0,0,0,0,0,0,1,0,1,0,0,0,0,0,0,0,0,0,0,0,0,0,0,0,0,0,0
126,长安商用长安之星2,3.19,4.68,0,0,0,0,1,1,0,0,0,0,0,0,7,7,0,0,1,0,0,0,0,1,0,0,0,0,0,0,0,0,0,0,0,0,0,0,0,0,0,0,0,0,0,0,0,0,0,0
127,长安商用长安之星3,2.99,3.99,0,0,0,0,1,1,0,0,0,0,0,0,7,7,0,0,1,0,0,1,0,0,0,0,0,0,0,0,0,0,0,0,0,0,0,0,0,0,0,0,0,0,0,0,0,0,0,0
128,长安商用长安之星9,4.78,5.28,0,0,0,0,1,1,0,0,0,0,0,0,8,8,0,0,0,0,0,0,0,0,0,0,0,1,0,0,0,0,0,0,0,0,0,0,0,0,0,0,0,0,0,0,0,0,0,0
129,铃木天语尚悦,7.58,8.58,0,1,0,0,0,1,1,0,0,0,0,0,7,8,0,0,0,0,0,0,0,0,0,0,0,0,0,1,0,0,0,0,0,0,0,0,0,0,0,0,0,0,0,0,0,0,0,0
130,荣威950,17.98,28.98,0,1,0,0,0,0,0,0,0,1,0,0,8,9,0,0,0,0,0,0,0,0,0,0,0,0,0,0,0,0,1,0,0,1,0,0,0,0,0,0,0,0,0,0,0,0,0,0
131,奥迪A6L,41.88,74.6,0,1,0,0,0,0,0,0,0,1,1,0,6,11,0,0,0,0,0,0,0,0,0,0,0,0,0,0,0,0,1,0,0,0,0,0,0,0,0,1,0,0,0,0,0,1,0,0
132,本田飞度,7.38,11.28,1,0,0,0,0,1,0,0,0,0,1,0,5,7,0,0,0,0,0,0,0,0,0,0,0,1,0,0,0,0,0,0,0,0,0,0,0,0,0,0,0,0,0,0,0,0,0,0
133,福特蒙迪欧,17.98,31.98,0,1,0,0,0,0,0,1,0,0,1,0,4,8,0,0,0,0,0,0,0,0,0,0,0,0,1,0,0,0,0,0,1,1,0,0,0,0,0,0,0,0,0,0,0,0,0,0
134,现代索纳塔八,16.69,24.99,0,1,0,0,0,0,0,1,0,0,0,0,8,8,0,0,0,0,0,0,0,0,0,0,0,0,0,0,0,0,0,0,1,0,0,0,0,1,0,0,0,0,0,0,0,0,0,0
135,江铃驭胜,12.08,18.88,0,0,1,0,0,1,1,0,0,0,0,0,7,9,0,0,0,0,0,0,0,0,0,0,0,0,0,0,0,0,0,0,0,1,0,0,0,0,1,0,0,0,0,0,0,0,0,0
136,开瑞优雅2代,4.29,5.99,0,0,0,0,1,1,0,0,0,0,0,0,7,7,0,0,0,0,0,0,0,0,0,0,0,1,0,0,0,0,0,0,0,0,0,0,0,0,0,0,0,0,0,0,0,0,0,0
137,启辰晨风,24.28,26.18,1,0,0,0,0,0,0,0,0,0,0,1,0,0,1,0,0,0,0,0,0,0,0,0,0,0,0,0,0,0,0,0,0,0,0,0,0,0,0,0,0,0,0,0,0,0,0,0
138,瑞麒X1,5.28,6.78,0,0,1,0,0,1,0,0,1,0,0,0,6,7,0,0,0,0,0,0,0,1,0,0,0,1,0,0,0,0,0,0,0,0,0,0,0,0,0,0,0,0,0,0,0,0,0,0
139,雪铁龙经典世嘉,9.58,11.18,0,1,0,0,0,1,0,1,0,0,0,0,7,9,0,0,0,0,0,0,0,0,0,0,0,0,0,1,0,0,0,0,0,0,0,0,0,0,0,0,0,0,0,0,0,0,0,0
140,东南V3菱悦,5.69,6.79,0,1,0,0,0,1,0,0,1,0,0,0,6,7,0,0,0,0,0,0,0,0,0,0,0,1,0,0,0,0,0,0,0,0,0,0,0,0,0,0,0,0,0,0,0,0,0,0
141,福特金牛座,23.48,36.98,0,1,0,0,0,0,0,1,0,0,0,0,7,9,0,0,0,0,0,0,0,0,0,0,0,0,1,0,0,0,0,0,0,1,0,0,0,0,0,0,0,0,1,0,0,0,0,0
142,东风郑州日产俊风,3.88,4.45,0,0,0,0,1,1,0,0,0,0,0,0,7,8,0,0,0,0,0,0,0,1,0,0,0,0,0,0,0,0,0,0,0,0,0,0,0,0,0,0,0,0,0,0,0,0,0,0
143,大众凌渡,14.59,22.89,0,1,0,0,0,1,0,0,0,1,0,0,6,7,0,0,0,0,0,0,0,0,0,0,1,0,0,0,0,0,1,0,0,1,0,0,0,0,0,0,0,0,0,0,0,0,0,0
144,开瑞优胜2代,3.09,4.43,0,0,0,0,1,1,0,0,0,0,0,0,7,8,0,0,1,0,1,0,0,0,0,0,0,0,0,0,0,0,0,0,0,0,0,0,0,0,0,0,0,0,0,0,0,0,0,0
145,别克英朗XT,10.99,15.99,0,1,0,0,0,1,0,1,0,1,0,0,6,8,0,0,0,0,0,0,0,0,0,0,1,1,0,0,0,0,0,0,0,0,0,0,0,0,0,0,0,0,0,0,0,0,0,0
146,马自达3Axela昂克赛拉 两厢,11.29,16.29,1,1,0,0,0,1,0,1,0,0,0,0,6,6,0,0,0,0,0,0,0,0,0,0,0,1,0,0,0,0,0,0,1,0,0,0,0,0,0,0,0,0,0,0,0,0,0,0
147,瑞麒M1,3.88,16.98,1,0,0,0,0,1,0,0,1,0,0,1,6,7,0,0,1,0,0,0,0,1,0,0,0,0,0,0,0,0,0,0,0,0,0,0,0,0,0,0,0,0,0,0,0,0,0,0
148,瑞麒M5,4.88,6.28,1,0,0,0,0,1,0,0,1,0,0,0,6,9,0,0,0,0,0,0,0,1,0,0,0,0,0,0,0,0,0,0,0,0,0,0,0,0,0,0,0,0,0,0,0,0,0,0
149,五菱之光,3.08,3.49,0,0,0,0,1,1,0,0,0,0,0,0,6,8,0,0,0,0,0,1,0,0,0,0,0,0,0,0,0,0,0,0,0,0,0,0,0,0,0,0,0,0,0,0,0,0,0,0
150,福特致胜,17.98,19.48,0,1,0,0,0,0,0,1,0,0,0,0,10,10,0,0,0,0,0,0,0,0,0,0,0,0,0,0,0,0,0,0,0,0,0,1,0,0,0,0,0,0,0,0,0,0,0,0
151,三菱蓝瑟,6.98,7.68,0,1,0,0,0,1,0,0,0,0,0,0,8,10,0,0,0,0,0,0,0,0,0,0,0,0,0,1,0,0,0,0,0,0,0,0,0,0,0,0,0,0,0,0,0,0,0,0
152,吉利熊猫,3.68,6.98,1,0,0,0,0,1,1,0,1,0,0,0,5,8,0,0,1,0,0,0,0,1,0,0,0,1,0,0,0,0,0,0,0,0,0,0,0,0,0,0,0,0,0,0,0,0,0,0
153,铃木维特拉,9.98,15.98,0,0,1,0,0,1,0,1,0,0,0,0,6,6,0,0,0,0,0,0,0,0,0,0,1,0,0,1,0,0,0,0,0,0,0,0,0,0,0,0,0,0,0,0,0,0,0,0
154,铃木羚羊,4.18,7.78,0,1,0,0,0,1,1,0,0,0,0,0,7,7,0,0,0,0,0,0,0,1,0,0,0,0,0,0,0,0,0,0,0,0,0,0,0,0,0,0,0,0,0,0,0,0,0,0
155,东风风行景逸S50,6.59,10.29,0,1,0,0,0,1,0,0,0,0,1,0,6,8,0,0,0,0,0,0,0,0,0,0,0,1,0,1,0,0,0,0,1,0,0,0,0,0,0,0,0,0,0,0,0,0,0,0
156,江淮iEV6S,21.98,21.98,0,0,1,0,0,0,0,0,0,0,0,1,0,0,1,0,0,0,0,0,0,0,0,0,0,0,0,0,0,0,0,0,0,0,0,0,0,0,0,0,0,0,0,0,0,0,0,0
157,现代全新途胜,15.99,23.99,0,0,1,0,0,1,0,1,0,1,0,0,7,11,0,0,0,0,0,0,0,0,0,0,0,0,0,0,1,0,0,0,1,0,0,0,0,0,0,0,0,0,0,0,0,0,0,0
158,MG3SW,4.8,8.77,1,0,0,0,0,0,0,0,1,0,0,0,6,8,0,0,0,0,0,0,0,0,0,0,0,1,0,0,0,0,0,0,0,0,0,0,0,0,0,0,0,0,0,0,0,0,0,0
159,别克GL8,22.99,44.99,0,0,0,1,0,0,0,1,0,0,0,0,8,12,0,0,0,0,0,0,0,0,0,0,0,0,0,0,0,0,0,0,0,1,0,0,0,0,0,1,0,0,0,0,0,0,0,0
160,马自达CX-7,19.98,27.38,0,0,1,0,0,0,0,1,0,0,0,0,9,12,0,0,0,0,0,0,0,0,0,0,0,0,0,0,0,0,0,0,0,0,0,0,1,0,0,1,0,0,0,0,0,0,0,0
161,马自达CX-5,16.98,24.58,0,0,1,0,0,1,0,1,0,0,0,0,7,8,0,0,0,0,0,0,0,0,0,0,0,0,0,0,0,0,0,0,1,0,0,0,0,0,0,1,0,0,0,0,0,0,0,0
162,众泰2008,4.38,6.38,0,0,1,0,0,1,0,0,0,0,0,0,7,7,0,0,0,0,0,0,0,1,0,0,0,1,0,1,0,0,0,0,0,0,0,0,0,0,0,0,0,0,0,0,0,0,0,0
163,荣威550,9.98,18.28,0,1,0,0,0,1,0,1,0,1,0,0,7,8,0,0,0,0,0,0,0,0,0,0,0,0,0,0,0,1,1,0,0,0,0,0,0,0,0,0,0,0,0,0,0,0,0,0
164,大众速腾,13.18,21.88,0,1,0,0,0,1,0,1,0,1,0,0,6,9,0,0,0,0,0,0,1,0,0,0,1,0,0,1,0,0,0,0,0,1,0,0,0,0,0,0,0,0,0,0,0,0,0,0
165,雪佛兰科鲁兹掀背,8.99,16.99,1,1,0,0,0,1,0,1,0,1,0,0,6,8,0,0,0,0,0,0,0,0,0,0,1,1,0,1,1,0,0,0,0,0,0,0,0,0,0,0,0,0,0,0,0,0,0,0
166,东风风度MX6,12.28,16.98,0,0,1,0,0,1,0,0,0,0,1,0,8,9,0,0,0,0,0,0,0,0,0,0,0,0,0,0,0,0,0,0,1,0,0,0,0,0,0,0,0,0,0,0,0,0,0,0
167,福特嘉年华两厢,7.99,12.29,1,1,0,0,0,1,0,0,0,1,0,0,6,7,0,0,0,1,0,0,0,0,0,0,0,1,0,0,0,0,0,0,0,0,0,0,0,0,0,0,0,0,0,0,0,0,0,0
168,起亚K5,15.98,24.98,0,1,0,0,0,1,0,1,0,1,0,0,5,8,0,0,0,0,0,0,0,0,0,0,0,0,0,0,1,0,0,0,1,1,0,0,0,0,0,0,0,0,0,0,0,0,0,0
169,起亚K4,12.88,18.88,0,1,0,0,0,1,0,1,0,1,0,0,7,8,0,0,0,0,0,0,0,0,0,0,0,0,0,0,1,1,0,0,1,0,0,0,0,0,0,0,0,0,0,0,0,0,0,0
170,起亚K3,9.68,15.08,0,1,0,0,0,1,0,1,0,1,0,0,6,7,0,0,0,0,0,0,0,0,0,0,1,0,0,1,0,0,0,0,0,0,0,0,0,0,0,0,0,0,0,0,0,0,0,0
171,Jeep自由光,20.98,31.58,0,0,1,0,0,0,0,1,0,0,0,0,8,8,0,0,0,0,0,0,0,0,0,0,0,0,0,0,0,0,0,0,1,0,0,0,0,1,0,0,0,0,0,0,0,0,0,0
172,标致508,17.37,26.97,0,1,0,0,0,1,0,1,0,0,0,0,7,9,0,0,0,0,0,0,0,0,0,0,0,0,0,0,1,0,1,0,1,0,0,0,0,0,0,0,0,0,0,0,0,0,0,0
173,奔腾B70,9.98,14.98,0,1,0,0,0,1,0,1,0,0,0,0,8,9,0,0,0,0,0,0,0,0,0,0,0,0,0,0,0,0,1,0,1,0,0,0,0,0,0,0,0,0,0,0,0,0,0,0
174,吉利远景,5.39,6.79,0,1,0,0,0,1,0,1,0,0,0,0,6,7,0,0,0,0,0,0,0,0,1,0,0,1,0,0,0,0,0,0,0,0,0,0,0,0,0,0,0,0,0,0,0,0,0,0
175,北汽绅宝D50,7.48,11.38,0,1,0,0,0,1,0,0,0,0,1,0,7,7,0,0,0,0,0,0,0,0,0,0,0,1,1,0,0,0,0,0,0,0,0,0,0,0,0,0,0,0,0,0,0,0,0,0
176,大众桑塔纳-浩纳,8.49,13.89,1,1,0,0,0,1,1,0,0,1,0,0,6,7,0,0,0,0,0,0,0,0,0,1,1,0,0,1,0,0,0,0,0,0,0,0,0,0,0,0,0,0,0,0,0,0,0,0
177,路虎揽胜极光,39.8,57.8,0,0,1,0,0,0,0,1,0,0,0,0,8,8,0,0,0,0,0,0,0,0,0,0,0,0,0,0,0,0,0,0,0,1,0,0,0,0,0,0,0,0,0,0,0,0,0,0
178,奔腾B90,14.58,20.18,0,1,0,0,0,0,0,1,0,0,0,0,8,10,0,0,0,0,0,0,0,0,0,0,0,0,0,0,0,0,1,0,0,1,0,0,0,0,0,0,0,0,0,0,0,0,0,0
179,一汽威姿,6.38,8.98,1,0,0,0,0,1,1,0,0,0,0,0,7,7,0,0,1,0,0,0,0,1,0,0,0,0,0,0,0,0,0,0,0,0,0,0,0,0,0,0,0,0,0,0,0,0,0,0
180,众泰SR7,7.5,36.67,0,0,1,0,0,1,0,0,0,0,1,0,7,8,0,0,0,0,0,0,0,0,0,0,0,0,1,0,0,0,0,0,0,0,0,0,0,0,0,0,0,0,0,0,0,0,0,0
181,雪铁龙全新爱丽舍,8.38,12.08,0,1,0,0,0,1,0,1,0,0,0,0,6,8,0,0,0,0,0,0,0,0,0,0,0,0,0,1,0,0,0,0,0,0,0,0,0,0,0,0,0,0,0,0,0,0,0,0
182,宝马X1,28.6,43.9,0,0,1,0,0,0,0,1,0,0,0,0,6,9,0,0,0,0,0,0,0,0,0,0,0,0,1,0,0,0,0,0,0,1,0,0,0,0,0,0,0,0,0,0,0,0,0,0
183,奔腾B30,6.58,9.28,0,1,0,0,0,1,0,1,0,0,0,0,6,7,0,0,0,0,0,0,0,0,0,0,0,0,0,1,0,0,0,0,0,0,0,0,0,0,0,0,0,0,0,0,0,0,0,0
184,中华H530,8.58,9.58,0,1,0,0,0,1,0,1,0,0,0,0,7,8,0,0,0,0,0,0,0,0,0,0,0,0,0,1,0,0,0,0,0,0,0,0,0,0,0,0,0,0,0,0,0,0,0,0
185,大众CC,25.28,34.28,0,1,0,0,0,0,0,0,0,1,0,0,8,9,0,0,0,0,0,0,0,0,0,0,0,0,0,0,0,0,1,0,0,1,0,0,0,0,0,0,0,0,0,0,1,0,0,0
186,长丰骐菱,6.98,8.68,0,0,0,1,0,1,0,0,0,0,0,0,8,8,0,0,0,0,0,0,0,0,0,0,0,0,0,1,0,0,0,0,0,0,0,0,0,0,0,0,0,0,0,0,0,0,0,0
187,瑞麒M1-EV,3.88,16.98,1,0,0,0,0,1,0,0,1,0,0,1,6,7,0,0,1,0,0,0,0,1,0,0,0,0,0,0,0,0,0,0,0,0,0,0,0,0,0,0,0,0,0,0,0,0,0,0
188,斯柯达明锐,9.98,17.99,1,0,0,0,0,1,0,1,0,1,0,0,6,8,0,0,0,0,0,0,0,0,0,0,1,0,0,1,0,0,0,0,0,0,0,0,0,0,0,0,0,0,0,0,0,0,0,0
189,福特嘉年华三厢,7.99,12.29,1,1,0,0,0,1,0,0,0,1,0,0,6,7,0,0,0,1,0,0,0,0,0,0,0,1,0,0,0,0,0,0,0,0,0,0,0,0,0,0,0,0,0,0,0,0,0,0
190,铃木奥拓,4.18,6.19,1,0,0,0,0,1,1,0,0,0,0,0,5,6,0,0,1,0,0,0,0,0,0,0,0,0,0,0,0,0,0,0,0,0,0,0,0,0,0,0,0,0,0,0,0,0,0,0
191,奔腾B50,8.18,11.78,0,1,0,0,0,1,0,1,0,0,0,0,6,8,0,0,0,0,0,0,0,0,0,0,1,0,0,1,0,0,0,0,0,0,0,0,0,0,0,0,0,0,0,0,0,0,0,0
192,长安商用长安欧诺,3.59,5.39,0,0,0,0,1,1,0,0,0,0,0,0,7,8,0,0,0,0,0,0,0,1,0,0,0,1,0,0,0,0,0,0,0,0,0,0,0,0,0,0,0,0,0,0,0,0,0,0
193,马自达3Axela昂克赛拉 三厢,11.29,16.29,1,1,0,0,0,1,0,1,0,0,0,0,6,6,0,0,0,0,0,0,0,0,0,0,0,1,0,0,0,0,0,0,1,0,0,0,0,0,0,0,0,0,0,0,0,0,0,0
194,一汽夏利N3两厢,3.1,3.5,1,1,0,0,0,1,0,0,0,0,0,0,6,6,0,0,1,0,0,0,0,0,0,0,0,0,0,0,0,0,0,0,0,0,0,0,0,0,0,0,0,0,0,0,0,0,0,0
195,众泰Z100,3,3.5,1,0,0,0,0,1,0,0,0,0,0,0,6,6,0,0,1,0,0,0,0,0,0,0,0,0,0,0,0,0,0,0,0,0,0,0,0,0,0,0,0,0,0,0,0,0,0,0
196,瑞麒G6,18.98,25.98,0,1,0,0,0,0,0,1,0,0,0,0,12,13,0,0,0,0,0,0,0,0,0,0,0,0,0,0,0,0,0,0,0,1,0,0,0,0,0,0,0,0,0,0,1,0,0,0
197,瑞麒G5,9.98,17.98,0,1,0,0,0,1,0,1,0,0,0,0,10,10,0,0,0,0,0,0,0,0,0,0,0,0,0,0,0,0,0,0,1,1,0,0,0,0,0,0,0,0,0,0,0,0,0,0
198,丰田YARiS L 致炫,6.98,10.48,1,0,0,0,0,1,0,0,0,0,1,0,5,6,0,0,0,0,0,0,0,1,0,0,0,1,0,0,0,0,0,0,0,0,0,0,0,0,0,0,0,0,0,0,0,0,0,0
199,奔驰GLC级,39.6,57.9,0,0,1,0,0,0,0,1,0,0,0,0,7,8,0,0,0,0,0,0,0,0,0,0,0,0,0,0,0,0,0,0,0,1,0,0,0,0,0,0,0,0,0,0,0,0,0,0
200,华泰路盛E70,6.97,8.97,0,1,0,0,0,1,0,1,0,0,0,0,7,7,0,0,0,0,0,0,0,0,0,0,0,0,0,0,0,0,0,0,1,0,0,0,0,0,0,0,0,0,0,0,0,0,0,0
201,开瑞优优2代,3.4,4.4,0,0,0,0,1,1,0,0,0,0,0,0,7,8,0,0,1,0,0,1,0,0,0,0,0,0,0,0,0,0,0,0,0,0,0,0,0,0,0,0,0,0,0,0,0,0,0,0
202,东风风神L60,8.97,12.97,0,1,0,0,0,1,0,1,0,0,0,0,7,8,0,0,0,0,0,0,0,0,0,0,0,0,0,1,0,1,0,0,0,0,0,0,0,0,0,0,0,0,0,0,0,0,0,0
203,别克威朗,13.59,20.59,1,1,0,0,0,1,0,1,0,1,0,0,6,6,0,0,0,0,0,0,0,0,0,0,0,1,1,0,0,0,0,0,0,0,0,0,0,0,0,0,0,0,0,0,0,0,0,0
204,起亚RIO,6.5,10.48,1,0,0,0,0,1,1,0,0,0,0,0,5,6,0,0,0,0,0,0,0,0,0,1,0,0,0,1,0,0,0,0,0,0,0,0,0,0,0,0,0,0,0,0,0,0,0,0
205,雪佛兰科鲁兹,8.99,16.99,1,1,0,0,0,1,0,1,0,1,0,0,6,8,0,0,0,0,0,0,0,0,0,0,1,1,0,1,1,0,0,0,0,0,0,0,0,0,0,0,0,0,0,0,0,0,0,0
206,哈飞中意V5,3.87,4.37,0,0,0,0,1,1,0,0,0,0,0,0,7,8,0,0,0,0,0,0,0,1,0,0,0,0,0,0,0,0,0,0,0,0,0,0,0,0,0,0,0,0,0,0,0,0,0,0
207,斯柯达速派,16.98,27.28,1,0,0,0,0,1,0,0,0,1,0,0,6,8,0,0,0,0,0,0,0,0,0,0,1,0,0,0,0,0,1,0,0,1,0,0,0,0,0,0,0,0,0,0,0,0,0,0
208,DS4S,14.99,22.99,1,0,0,0,0,0,0,1,0,0,0,0,6,7,0,0,0,0,0,0,1,0,0,0,0,0,0,0,1,0,1,0,0,0,0,0,0,0,0,0,0,0,0,0,0,0,0,0
209,众泰M300,7.08,8.08,0,0,0,1,0,1,0,0,0,0,0,0,9,9,0,0,0,0,0,0,0,0,0,0,0,0,0,1,0,0,0,0,0,0,0,0,0,0,0,0,0,0,0,0,0,0,0,0
210,长安CS35,7.99,10.39,0,0,1,0,0,1,0,1,0,0,0,0,7,7,0,0,0,0,0,0,0,0,0,0,0,0,1,1,0,0,0,0,0,0,0,0,0,0,0,0,0,0,0,0,0,0,0,0
211,雪佛兰赛欧三厢,6.29,7.99,0,1,0,0,0,1,0,0,1,0,0,0,5,6,0,0,0,0,0,0,0,1,0,0,0,1,0,0,0,0,0,0,0,0,0,0,0,0,0,0,0,0,0,0,0,0,0,0
212,马自达3星骋,9.48,12.58,1,1,0,0,0,1,0,1,0,0,0,0,6,8,0,0,0,0,0,0,0,0,0,0,0,0,0,1,0,0,0,0,1,0,0,0,0,0,0,0,0,0,0,0,0,0,0,0
213,北汽绅宝D80,20.48,26.88,0,1,0,0,0,0,0,1,0,0,0,0,9,9,0,0,0,0,0,0,0,0,0,0,0,0,0,0,0,0,1,0,0,1,0,0,1,0,0,0,0,0,0,0,0,0,0,0
214,三菱帕杰罗,36.98,42.98,0,0,1,0,0,0,0,1,0,0,0,0,12,13,0,0,0,0,0,0,0,0,0,0,0,0,0,0,0,0,0,0,0,0,0,0,0,0,0,0,0,0,0,0,1,0,0,0
215,北汽绅宝D60,11.98,16.88,0,1,0,0,0,1,0,1,0,0,0,0,8,8,0,0,0,0,0,0,0,0,0,0,0,0,0,0,0,0,1,0,0,1,0,0,0,0,0,0,0,0,0,0,0,0,0,0
216,奇瑞风云2两厢,4.29,4.69,1,0,0,0,0,1,0,0,0,0,0,0,6,7,0,0,0,0,0,0,0,0,0,0,0,1,0,0,0,0,0,0,0,0,0,0,0,0,0,0,0,0,0,0,0,0,0,0
217,长城V80,6.98,11.48,0,0,0,1,0,1,0,1,0,0,0,0,9,10,0,0,0,0,0,0,0,0,0,0,0,0,1,0,0,0,0,0,1,0,0,0,0,1,0,0,0,0,0,0,0,0,0,0
218,东风郑州日产御轩,13.28,19.28,0,0,0,1,0,1,0,0,0,0,0,0,9,10,0,0,0,0,0,0,0,0,0,0,0,0,0,0,0,0,0,0,1,0,0,0,0,0,0,0,0,0,0,0,0,0,0,0
219,北汽绅宝D70,13.98,21.58,0,1,0,0,0,0,0,1,0,0,0,0,9,10,0,0,0,0,0,0,0,0,0,0,0,0,0,0,0,0,1,0,0,1,0,0,1,0,0,0,0,0,0,0,0,0,0,0
220,昌河Q25,5.59,7.59,0,0,1,0,0,1,1,0,0,0,0,0,6,7,0,0,0,0,0,0,0,0,0,0,0,1,0,0,0,0,0,0,0,0,0,0,0,0,0,0,0,0,0,0,0,0,0,0
221,宝骏乐驰,3.98,4.98,1,0,0,0,0,1,0,0,0,0,0,0,5,6,0,0,1,0,0,1,0,0,0,0,0,0,0,0,0,0,0,0,0,0,0,0,0,0,0,0,0,0,0,0,0,0,0,0
222,别克君越,22.98,33.98,0,1,0,0,0,0,0,1,0,1,1,0,5,10,0,0,0,0,0,0,0,0,0,0,0,0,1,0,0,1,0,0,0,1,0,0,0,0,0,0,0,0,0,0,0,0,0,0
223,本田凌派,10.98,14.98,0,1,0,0,0,1,0,0,0,0,1,0,6,7,0,0,0,0,0,0,0,0,0,0,0,0,0,0,0,1,0,0,0,0,0,0,0,0,0,0,0,0,0,0,0,0,0,0
224,奔驰GLK级,37.8,55.8,0,0,1,0,0,0,0,1,0,0,0,0,8,11,0,0,0,0,0,0,0,0,0,0,0,0,0,0,0,0,0,0,0,1,0,0,0,0,0,0,0,0,0,0,1,0,0,0
225,众泰Z500,7.68,10.98,0,1,0,0,0,1,0,0,0,0,1,0,6,8,0,0,0,0,0,0,0,0,0,0,0,0,1,0,0,0,0,0,0,0,0,0,0,0,0,0,0,0,0,0,0,0,0,0
226,广汽传祺GS5,12.38,22.98,0,0,1,0,0,1,0,1,0,0,0,0,9,10,0,0,0,0,0,0,0,0,0,0,0,0,0,0,0,0,1,0,1,0,0,0,0,0,0,0,0,0,0,0,0,0,0,0
227,斯柯达昕锐,7.99,11.69,0,1,0,0,0,1,1,0,0,0,0,0,6,7,0,0,0,0,0,0,0,0,0,1,0,0,0,1,0,0,0,0,0,0,0,0,0,0,0,0,0,0,0,0,0,0,0,0
228,广汽传祺GS4,9.98,16.18,0,0,1,0,0,1,0,1,0,1,0,0,6,7,0,0,0,0,0,0,0,0,1,0,0,0,1,0,0,0,0,0,0,0,0,0,0,0,0,0,0,0,0,0,0,0,0,0
229,日产NV200,10.78,12.38,0,0,0,1,0,1,0,0,0,0,1,0,7,8,0,0,0,0,0,0,0,0,0,0,0,0,0,1,0,0,0,0,0,0,0,0,0,0,0,0,0,0,0,0,0,0,0,0
230,奇瑞新QQ,3.79,5.09,1,0,0,0,0,1,0,0,1,0,0,0,5,7,0,0,1,0,0,0,0,0,0,0,0,0,0,0,0,0,0,0,0,0,0,0,0,0,0,0,0,0,0,0,0,0,0,0
231,力帆520i,3.99,7.88,1,1,0,0,0,1,0,0,0,0,0,0,6,8,0,0,0,0,0,0,0,1,0,0,0,1,0,1,0,0,0,0,0,0,0,0,0,0,0,0,0,0,0,0,0,0,0,0
232,大众迈腾,18.99,31.69,0,1,0,0,0,0,0,0,0,1,0,0,6,10,0,0,0,0,0,0,0,0,0,0,1,0,0,0,0,0,1,0,0,1,0,0,0,0,0,0,0,0,0,0,0,0,0,0
233,众泰T200,4.6,6.3,0,0,1,0,0,1,0,0,0,0,1,0,6,8,0,0,0,0,0,0,0,1,0,0,0,1,0,0,0,0,0,0,0,0,0,0,0,0,0,0,0,0,0,0,0,0,0,0
234,大众捷达,7.99,13.49,0,1,0,0,0,1,1,0,0,1,0,0,5,8,0,0,0,0,0,0,0,0,0,1,1,1,0,0,0,0,0,0,0,0,0,0,0,0,0,0,0,0,0,0,0,0,0,0
235,本田杰德,12.99,18.38,1,0,0,0,0,0,1,0,0,0,1,0,6,7,0,0,0,0,0,0,0,0,0,0,0,0,1,0,0,1,0,0,0,0,0,0,0,0,0,0,0,0,0,0,0,0,0,0
236,海马普力马,7.98,19.36,0,0,0,1,0,1,1,0,0,0,1,0,7,9,0,0,0,0,0,0,0,0,0,0,0,0,0,1,0,1,0,0,0,0,0,0,0,0,0,0,0,0,0,0,0,0,0,0
237,金杯S50,8.83,13.28,0,0,1,0,0,1,1,0,0,0,0,0,11,12,0,0,0,0,0,0,0,0,0,0,0,0,0,0,0,0,0,0,1,0,0,0,0,1,0,0,0,0,0,0,0,0,0,0
238,铃木浪迪,4.98,5.35,1,0,0,0,0,1,0,0,0,0,0,0,6,7,0,0,0,0,0,1,0,0,0,1,0,0,0,0,0,0,0,0,0,0,0,0,0,0,0,0,0,0,0,0,0,0,0,0
239,本田歌诗图,25.98,33.58,1,0,0,0,0,0,1,1,0,0,0,0,9,10,0,0,0,0,0,0,0,0,0,0,0,0,0,0,0,0,0,0,0,0,0,0,0,1,0,0,0,0,0,0,1,0,0,0
240,中华骏捷Cross,7.68,10.98,1,0,0,0,0,1,0,1,0,0,0,0,6,9,0,0,0,0,0,0,0,0,0,0,0,1,0,1,0,0,0,0,0,0,0,0,0,0,0,0,0,0,0,0,0,0,0,0
241,三菱翼神,9.58,13.98,0,1,0,0,0,1,0,0,0,0,1,0,7,8,0,0,0,0,0,0,0,0,0,0,0,0,0,1,0,1,0,0,1,0,0,0,0,0,0,0,0,0,0,0,0,0,0,0
242,铃木派喜,5,5,1,0,0,0,0,1,0,0,0,0,0,0,6,6,0,0,0,0,0,0,0,0,0,1,0,0,0,0,0,0,0,0,0,0,0,0,0,0,0,0,0,0,0,0,0,0,0,0
243,宝骏560,6.98,10.58,0,0,1,0,0,1,0,0,1,0,0,0,7,8,0,0,0,0,0,0,0,0,0,0,0,0,1,0,0,1,0,0,0,0,0,0,0,0,0,0,0,0,0,0,0,0,0,0
244,雪佛兰爱唯欧三厢,7.39,10.99,1,1,0,0,0,1,0,1,0,0,0,0,6,7,0,0,0,0,0,0,0,0,0,1,0,0,0,1,0,0,0,0,0,0,0,0,0,0,0,0,0,0,0,0,0,0,0,0
245,长安奔奔,4.59,6.09,1,0,0,0,0,1,0,0,1,0,0,0,5,6,0,0,0,0,0,0,0,0,0,1,0,0,0,0,0,0,0,0,0,0,0,0,0,0,0,0,0,0,0,0,0,0,0,0
246,昌河福瑞达M50,3.98,5.28,0,0,0,0,1,1,0,0,0,0,0,0,6,8,0,0,0,0,0,0,0,0,0,1,0,1,0,0,0,0,0,0,0,0,0,0,0,0,0,0,0,0,0,0,0,0,0,0
247,斯柯达Yeti,12.98,20.98,0,0,1,0,0,1,0,0,0,1,0,0,6,8,0,0,0,0,0,0,0,0,0,0,1,0,0,1,0,0,1,0,0,0,0,0,0,0,0,0,0,0,0,0,0,0,0,0
248,丰田威驰,6.98,11.38,0,1,0,0,0,1,0,0,0,0,1,0,5,7,0,0,0,0,0,0,0,1,0,0,0,1,0,0,0,0,0,0,0,0,0,0,0,0,0,0,0,0,0,0,0,0,0,0
249,力帆720,5.98,8.04,0,1,0,0,0,1,0,0,0,0,1,0,7,7,0,0,0,0,0,0,0,0,0,0,0,1,0,0,0,1,0,0,0,0,0,0,0,0,0,0,0,0,0,0,0,0,0,0
250,马自达Mazda6,12.98,15.98,0,1,0,0,0,1,0,1,0,0,0,0,8,8,0,0,0,0,0,0,0,0,0,0,0,0,0,0,0,0,0,0,1,0,0,0,0,0,0,0,0,0,0,0,0,0,0,0
251,马自达Mazda8,21.98,25.98,0,0,0,1,0,0,0,1,0,0,0,0,10,10,0,0,0,0,0,0,0,0,0,0,0,0,0,0,0,0,0,0,0,0,0,1,0,0,0,1,0,0,0,0,0,0,0,0
252,丰田花冠EX,9.08,11.38,0,1,0,0,0,1,1,0,0,0,0,0,6,7,0,0,0,0,0,0,0,0,0,0,0,0,0,1,0,0,0,0,0,0,0,0,0,0,0,0,0,0,0,0,0,0,0,0
253,东风风行景逸X3,6.69,8.69,0,0,1,0,0,1,0,0,0,0,1,0,7,7,0,0,0,0,0,0,0,0,0,0,0,1,0,1,0,0,0,0,0,0,0,0,0,0,0,0,0,0,0,0,0,0,0,0
254,大众高尔夫,12.19,23.99,1,0,0,0,0,1,0,1,0,1,0,0,5,8,0,0,0,0,0,0,1,0,0,0,1,0,0,1,0,0,0,0,0,1,0,0,0,0,0,0,0,0,0,0,0,0,0,0
255,东风风行景逸X5,7.99,10.89,0,0,1,0,0,1,0,0,0,0,1,0,7,8,0,0,0,0,0,0,0,0,0,0,0,0,0,1,0,0,1,0,1,0,0,0,0,0,0,0,0,0,0,0,0,0,0,0
256,思铭思铭,9.99,11.69,0,1,0,0,0,1,1,0,0,0,0,0,7,7,0,0,0,0,0,0,0,0,0,0,0,0,0,0,0,1,0,0,0,0,0,0,0,0,0,0,0,0,0,0,0,0,0,0
257,福田迷迪,5.93,8.68,0,0,0,1,0,1,0,0,0,0,0,0,7,8,0,0,0,0,0,0,0,1,0,0,0,1,0,1,0,0,0,0,0,0,0,0,0,0,0,0,0,0,0,0,0,0,0,0
258,大众高尔夫GTI,12.19,23.99,1,0,0,0,0,1,0,1,0,1,0,0,5,8,0,0,0,0,0,0,1,0,0,0,1,0,0,1,0,0,0,0,0,1,0,0,0,0,0,0,0,0,0,0,0,0,0,0
259,起亚福瑞迪,9.88,11.98,0,1,0,0,0,1,0,1,0,0,0,0,6,8,0,0,0,0,0,0,0,0,0,0,0,0,0,1,0,0,0,0,0,0,0,0,0,0,0,0,0,0,0,0,0,0,0,0
260,比亚迪秦,20.98,30.98,0,1,0,0,0,0,0,0,0,1,0,1,1,2,0,0,0,0,0,0,0,0,0,0,0,0,1,0,0,0,0,0,0,0,0,0,0,0,0,0,0,0,0,0,0,0,0,0
261,福特福克斯两厢,9.98,16.58,1,1,0,0,0,1,0,1,0,1,0,0,5,9,0,0,0,1,0,0,0,0,0,0,0,0,1,1,0,1,0,0,0,0,0,0,0,0,0,0,0,0,0,0,0,0,0,0
262,众泰T600,7.98,14.98,0,0,1,0,0,1,0,0,0,1,0,0,8,9,0,0,0,0,0,0,0,0,0,0,0,0,1,0,0,0,0,0,0,1,0,0,0,0,0,0,0,0,0,0,0,0,0,0
263,长城C20R,6.29,7.29,1,0,0,0,0,1,0,0,0,0,0,0,6,6,0,0,0,0,0,0,0,0,0,0,0,1,0,0,0,0,0,0,0,0,0,0,0,0,0,0,0,0,0,0,0,0,0,0
264,一汽森雅M80,5.19,8.15,0,0,0,1,0,1,1,0,0,0,0,0,7,8,0,0,0,0,0,0,0,1,0,0,0,1,0,0,0,0,0,0,0,0,0,0,0,0,0,0,0,0,0,0,0,0,0,0
265,众泰芝麻E30,11.98,17.98,1,0,0,0,0,0,0,0,0,0,0,1,0,0,1,0,0,0,0,0,0,0,0,0,0,0,0,0,0,0,0,0,0,0,0,0,0,0,0,0,0,0,0,0,0,0,0,0
266,长安悦翔V5,6.19,7.59,0,1,0,0,0,1,0,1,0,0,0,0,6,7,0,0,0,0,0,0,0,0,0,0,0,1,0,0,0,0,0,0,0,0,0,0,0,0,0,0,0,0,0,0,0,0,0,0
267,长安悦翔V7,6.09,8.79,0,1,0,0,0,1,0,1,0,0,0,0,6,7,0,0,0,1,0,0,0,0,0,0,0,0,0,1,0,0,0,0,0,0,0,0,0,0,0,0,0,0,0,0,0,0,0,0
268,长安逸动,8.09,10.39,1,1,0,0,0,1,0,1,0,0,0,0,6,8,0,0,0,0,0,0,0,0,0,0,0,0,0,1,0,0,0,0,0,0,0,0,0,0,0,0,0,0,0,0,0,0,0,0
269,日产帕拉丁,16.78,24.78,0,0,1,0,0,1,0,0,0,0,0,0,9,11,0,0,0,0,0,0,0,0,0,0,0,0,0,0,0,0,0,0,0,0,0,0,0,1,0,0,0,0,0,0,0,0,0,0
270,五菱宏光,4.18,6.98,0,0,0,0,1,1,0,0,0,0,0,0,7,8,0,0,0,0,0,1,0,0,0,0,0,1,0,0,0,0,0,0,0,0,0,0,0,0,0,0,0,0,0,0,0,0,0,0
271,雪铁龙C4L,13.19,18.99,0,1,0,0,0,1,0,1,0,0,0,0,5,8,0,0,0,0,0,0,1,0,0,0,0,0,0,0,1,1,0,0,0,0,0,0,0,0,0,0,0,0,0,0,0,0,0,0
272,DS6,19.39,30.19,0,0,1,0,0,0,0,1,0,0,0,0,7,7,0,0,0,0,0,0,0,0,0,0,0,0,0,0,1,0,1,0,0,0,0,0,0,0,0,0,0,0,0,0,0,0,0,0
273,荣威E50,18.89,18.89,1,0,0,0,0,0,0,0,0,0,0,1,0,0,1,0,0,0,0,0,0,0,0,0,0,0,0,0,0,0,0,0,0,0,0,0,0,0,0,0,0,0,0,0,0,0,0,0
274,DS5,21.99,34.59,1,0,0,0,0,0,0,1,0,0,0,0,6,8,0,0,0,0,0,0,0,0,0,0,0,0,0,0,1,0,1,0,0,0,0,0,0,0,0,0,0,0,0,0,0,0,0,0
275,众泰大迈X5,6.99,12.19,0,0,1,0,0,1,0,0,0,0,1,0,7,8,0,0,0,0,0,0,0,0,0,0,0,0,1,1,0,0,0,0,0,0,0,0,0,0,0,0,0,0,0,0,0,0,0,0
276,江淮和悦,6.28,7.58,0,1,0,0,0,1,0,0,0,0,0,0,7,8,0,0,0,0,0,0,0,0,0,0,0,1,0,0,0,0,0,0,0,0,0,0,0,0,0,0,0,0,0,0,0,0,0,0
277,MG锐腾,9.88,17.97,0,0,1,0,0,1,0,0,0,1,0,0,7,8,0,0,0,0,0,0,0,0,0,0,0,0,1,0,0,0,0,0,0,1,0,0,0,0,0,0,0,0,0,0,0,0,0,0
278,力帆320,3.48,5.49,1,0,0,0,0,1,0,0,0,0,1,0,7,7,0,0,0,0,0,0,0,1,0,0,0,0,0,0,0,0,0,0,0,0,0,0,0,0,0,0,0,0,0,0,0,0,0,0
279,雪铁龙C4世嘉,9.58,11.18,0,1,0,0,0,1,0,1,0,0,0,0,7,9,0,0,0,0,0,0,0,0,0,0,0,0,0,1,0,0,0,0,0,0,0,0,0,0,0,0,0,0,0,0,0,0,0,0
280,日产阳光,7.98,11.28,0,1,0,0,0,1,0,0,0,0,1,0,6,6,0,0,0,0,0,0,0,0,0,0,0,1,0,0,0,0,0,0,0,0,0,0,0,0,0,0,0,0,0,0,0,0,0,0
281,MG3,6.37,8.37,1,0,0,0,0,1,0,0,1,0,0,0,6,7,0,0,0,0,0,0,0,1,0,0,0,1,0,0,0,0,0,0,0,0,0,0,0,0,0,0,0,0,0,0,0,0,0,0
282,MG5,8.97,14.07,1,0,0,0,0,1,1,1,0,0,0,0,7,8,0,0,0,0,0,0,0,0,0,0,0,1,1,0,0,0,0,0,0,0,0,0,0,0,0,0,0,0,0,0,0,0,0,0
283,北汽绅宝D20 三厢,4.88,8.28,1,1,0,0,0,1,1,0,0,0,0,0,6,7,0,0,0,0,0,0,0,1,0,0,0,1,0,0,0,0,0,0,0,0,0,0,0,0,0,0,0,0,0,0,0,0,0,0
284,MG7,15.68,30.28,0,1,0,0,0,1,1,1,0,0,0,0,9,11,0,0,0,0,0,0,0,0,0,0,0,0,0,0,0,1,1,0,0,0,0,0,0,0,0,1,0,0,0,0,0,0,0,0
285,MG6,11.98,18.18,1,0,0,0,0,1,0,0,0,1,0,0,7,10,0,0,0,0,0,0,0,0,0,0,0,0,0,0,0,1,1,0,0,0,0,0,0,0,0,0,0,0,0,0,0,0,0,0
286,丰田汉兰达,23.98,42.28,0,0,1,0,0,0,0,1,0,0,0,0,8,12,0,0,0,0,0,0,0,0,0,0,0,0,0,0,0,0,0,0,0,1,0,0,0,0,0,0,0,0,0,0,0,0,1,0
287,比亚迪S6,7.99,12.39,0,0,1,0,0,1,0,0,0,1,0,0,9,11,0,0,0,0,0,0,0,0,0,0,0,0,1,0,0,0,0,0,1,0,0,0,0,1,0,0,0,0,0,0,0,0,0,0
288,东风郑州日产帅客,6.88,9.18,0,0,0,1,0,1,0,0,0,0,0,0,7,7,0,0,0,0,0,0,0,0,0,0,0,1,0,1,0,0,0,0,0,0,0,0,0,0,0,0,0,0,0,0,0,0,0,0
289,比亚迪S7,10.69,15.99,0,0,1,0,0,1,0,0,0,1,0,0,8,9,0,0,0,0,0,0,0,0,0,0,0,0,1,0,0,0,0,0,0,1,0,0,0,0,0,0,0,0,0,0,0,0,0,0
290,本田XR-V,12.78,16.28,0,0,1,0,0,1,0,0,0,0,1,0,6,7,0,0,0,0,0,0,0,0,0,0,0,1,0,0,0,1,0,0,0,0,0,0,0,0,0,0,0,0,0,0,0,0,0,0
291,日产骊威,8.58,11.72,1,0,0,0,0,1,0,0,0,0,1,0,6,8,0,0,0,0,0,0,0,0,0,0,0,0,0,1,0,0,0,0,0,0,0,0,0,0,0,0,0,0,0,0,0,0,0,0
292,昌河福瑞达,2.88,4.78,0,0,0,0,1,1,0,0,0,0,0,0,7,8,0,0,1,0,0,1,0,0,0,1,0,0,0,0,0,0,0,0,0,0,0,0,0,0,0,0,0,0,0,0,0,0,0,0
293,荣威750混合动力,16.28,27.68,0,1,0,0,0,1,1,1,0,0,0,0,8,10,0,0,0,0,0,0,0,0,0,0,0,0,0,0,0,0,1,0,0,0,0,0,0,0,0,1,0,0,0,0,0,0,0,0
294,标致2008,9.97,16.37,0,0,1,0,0,1,0,1,0,0,0,0,5,7,0,0,0,0,0,0,1,0,0,0,0,0,0,1,1,0,0,0,0,0,0,0,0,0,0,0,0,0,0,0,0,0,0,0
295,猎豹飞腾C5,7.98,8.89,0,0,1,0,0,0,0,0,1,0,0,0,7,8,0,0,0,0,0,0,0,0,0,0,0,0,1,0,0,0,0,0,0,0,0,0,0,0,0,0,0,0,0,0,0,0,0,0
296,标致408,12.97,18.97,0,1,0,0,0,1,0,1,0,0,0,0,5,8,0,0,0,0,0,0,1,0,0,0,0,0,0,0,1,1,0,0,0,0,0,0,0,0,0,0,0,0,0,0,0,0,0,0
297,雪佛兰赛欧两厢,6.29,7.99,0,1,0,0,0,1,0,0,1,0,0,0,5,6,0,0,0,0,0,0,0,1,0,0,0,1,0,0,0,0,0,0,0,0,0,0,0,0,0,0,0,0,0,0,0,0,0,0
298,一汽夏利N7,4.89,5.29,1,0,0,0,0,1,1,0,0,0,0,0,5,6,0,0,0,0,0,0,0,1,0,0,0,0,0,0,0,0,0,0,0,0,0,0,0,0,0,0,0,0,0,0,0,0,0,0
299,一汽夏利N5,3.69,4.89,0,1,0,0,0,1,0,0,0,0,0,0,6,6,0,0,1,0,0,0,0,1,0,0,0,0,0,0,0,0,0,0,0,0,0,0,0,0,0,0,0,0,0,0,0,0,0,0
300,长安商用欧力威,3.98,6.59,1,0,0,0,0,1,0,0,1,0,0,0,6,7,0,0,0,0,0,1,0,0,0,1,0,0,0,0,0,0,0,0,0,0,0,0,0,0,0,0,0,0,0,0,0,0,0,0
301,启辰T70,8.98,12.78,0,0,1,0,0,1,0,0,0,0,1,0,7,8,0,0,0,0,0,0,0,0,0,0,0,0,0,1,0,0,0,0,1,0,0,0,0,0,0,0,0,0,0,0,0,0,0,0
302,本田雅阁,16.98,27.98,0,1,0,0,0,0,0,0,0,0,0,1,4,10,0,0,0,0,0,0,0,0,0,0,0,0,0,0,0,0,0,0,1,0,0,0,0,1,0,0,0,0,0,0,0,0,0,0
303,起亚KX3傲跑,11.68,17.78,0,0,1,0,0,1,0,1,0,1,0,0,7,8,0,0,0,0,0,0,0,0,0,0,0,0,0,1,1,0,0,0,0,0,0,0,0,0,0,0,0,0,0,0,0,0,0,0
304,中华尊驰,10.88,25.28,0,1,0,0,0,1,0,1,0,0,0,0,8,10,0,0,0,0,0,0,0,0,0,0,0,0,0,0,0,0,1,0,1,0,0,0,0,0,0,0,0,0,0,0,0,0,0,0
305,铃木启悦,7.89,11.39,0,1,0,0,0,1,0,1,0,0,0,0,5,6,0,0,0,0,0,0,0,0,0,0,0,0,0,1,0,0,0,0,0,0,0,0,0,0,0,0,0,0,0,0,0,0,0,0
306,起亚K2三厢,7.29,10.39,1,1,0,0,0,1,1,1,0,0,0,0,5,6,0,0,0,0,0,0,0,0,0,1,0,0,0,1,0,0,0,0,0,0,0,0,0,0,0,0,0,0,0,0,0,0,0,0
307,五菱征程,6.6,7.72,0,0,0,0,1,1,0,0,0,0,0,0,8,9,0,0,0,0,0,0,0,0,0,0,0,1,0,0,0,1,0,0,0,0,0,0,0,0,0,0,0,0,0,0,0,0,0,0
308,长安奔奔mini,18.5,38.5,1,0,0,0,0,1,0,1,0,0,0,0,5,8,0,0,0,0,0,0,1,0,0,0,0,0,1,0,0,0,0,0,0,1,0,0,0,0,0,0,0,0,0,0,0,0,0,0
309,东风郑州日产奥丁,12.68,15.98,0,0,1,0,0,1,0,0,0,0,0,0,7,10,0,0,0,0,0,0,0,0,0,0,0,0,0,0,0,0,0,0,0,0,0,0,0,1,0,0,1,0,0,0,0,0,0,0
310,猎豹奇兵,9.98,12.48,0,0,1,0,0,1,0,0,0,0,0,0,11,12,0,0,0,0,0,0,0,0,0,0,0,0,0,0,0,0,0,0,0,0,1,0,0,0,0,0,0,0,0,0,0,0,0,0
311,福特翼搏,9.48,12.98,0,0,1,0,0,1,0,0,0,1,0,0,6,6,0,0,0,1,0,0,0,0,0,0,0,1,0,0,0,0,0,0,0,0,0,0,0,0,0,0,0,0,0,0,0,0,0,0
312,雪佛兰创酷,9.99,14.99,0,0,1,0,0,1,0,1,0,0,0,0,7,8,0,0,0,0,0,0,0,0,0,0,1,0,0,0,0,0,0,0,0,0,0,0,0,0,0,0,0,0,0,0,0,0,0,0
313,现代朗动,10.58,12.78,0,1,0,0,0,1,0,1,0,0,0,0,6,7,0,0,0,0,0,0,0,0,0,0,0,0,0,1,0,0,0,0,0,0,0,0,0,0,0,0,0,0,0,0,0,0,0,0
314,荣威W5,14.28,22.18,0,0,1,0,0,1,0,1,0,0,0,0,10,13,0,0,0,0,0,0,0,0,0,0,0,0,0,0,0,0,1,0,0,0,0,0,0,0,0,0,0,0,0,0,0,0,0,0
315,大众途观,19.98,31.58,0,0,1,0,0,1,0,1,0,1,0,0,7,10,0,0,0,0,0,0,0,0,0,0,1,0,0,0,0,0,1,0,0,1,0,0,0,0,0,0,0,0,0,0,0,0,0,0
316,众泰5008,5.38,7.48,0,0,1,0,0,1,0,0,0,0,1,0,7,8,0,0,0,0,0,0,0,1,0,0,0,1,0,0,0,0,0,0,0,0,0,0,0,0,0,0,0,0,0,0,0,0,0,0
317,长安CX30三厢,6.38,10.68,1,1,0,0,0,1,1,0,0,0,0,0,7,9,0,0,0,0,0,0,0,0,0,0,0,0,0,1,0,0,0,0,1,0,0,0,0,0,0,0,0,0,0,0,0,0,0,0
318,别克君威,17.89,27.99,0,1,0,0,0,0,0,1,0,0,0,0,8,10,0,0,0,0,0,0,0,0,0,0,0,0,0,0,1,0,0,0,1,1,0,0,0,0,0,0,0,0,0,0,0,0,0,0
319,大众朗逸,10.99,15.99,0,1,0,0,0,1,0,1,0,1,0,0,5,9,0,0,0,0,0,0,1,0,0,0,1,0,0,1,0,0,0,0,0,0,0,0,0,0,0,0,0,0,0,0,0,0,0,0
320,哈飞小霸王,3.28,3.78,0,0,0,0,1,1,0,0,0,0,0,0,8,9,0,0,1,0,0,0,0,0,0,0,0,0,0,0,0,0,0,0,0,0,0,0,0,0,0,0,0,0,0,0,0,0,0,0
321,别克凯越,8.69,16.48,1,1,0,0,0,1,1,1,0,0,0,0,7,9,0,0,0,0,0,0,0,0,0,0,0,1,0,1,0,1,0,0,0,0,0,0,0,0,0,0,0,0,0,0,0,0,0,0
322,比亚迪e6,30.98,36.98,0,0,0,1,0,0,0,0,0,0,0,1,0,0,1,0,0,0,0,0,0,0,0,0,0,0,0,0,0,0,0,0,0,0,0,0,0,0,0,0,0,0,0,0,0,0,0,0
323,福特锐界,24.98,44.98,0,0,1,0,0,0,0,1,0,0,0,0,8,11,0,0,0,0,0,0,0,0,0,0,0,0,0,0,0,0,0,0,0,1,0,0,0,0,0,0,0,0,1,0,0,0,0,0
324,吉利帝豪EV,19.48,24.98,0,1,0,0,0,0,0,0,0,0,0,1,0,0,1,0,0,0,0,0,0,0,0,0,0,0,0,0,0,0,0,0,0,0,0,0,0,0,0,0,0,0,0,0,0,0,0,0
325,哈弗H6 COUPE,12.28,17.18,0,0,1,0,0,1,1,0,0,1,0,0,6,8,0,0,0,0,0,0,0,0,0,0,0,0,1,0,0,0,0,0,0,1,0,0,0,0,0,0,0,0,0,0,0,0,0,0
326,雪铁龙C5,17.99,23.69,0,1,0,0,0,0,0,1,0,0,0,0,6,10,0,0,0,0,0,0,0,0,0,0,0,0,0,0,1,0,1,0,1,0,0,1,0,0,0,0,0,0,0,0,0,0,0,0
327,吉利GX7,6.99,13.19,0,0,1,0,0,1,0,1,0,0,0,0,8,10,0,0,0,0,0,0,0,0,0,0,0,0,0,0,0,1,0,0,1,0,0,0,0,1,0,0,0,0,0,0,0,0,0,0
328,雪铁龙C2,7.18,10.68,1,0,0,0,0,1,0,1,0,0,0,0,6,7,0,0,0,0,0,0,0,0,0,1,0,0,0,1,0,0,0,0,0,0,0,0,0,0,0,0,0,0,0,0,0,0,0,0
329,东南希旺,3.68,4.98,0,0,0,0,1,1,0,0,0,0,0,0,6,8,0,0,0,0,0,0,0,1,0,0,0,0,0,0,0,0,0,0,0,0,0,0,0,0,0,0,0,0,0,0,0,0,0,0
330,长城长城M,4.08,6.5,0,0,1,0,0,0,0,0,1,0,0,0,6,7,0,0,0,0,0,0,0,0,0,0,0,1,0,0,0,0,0,0,0,0,0,0,0,0,0,0,0,0,0,0,0,0,0,0
331,马自达3经典,9.68,16.48,0,1,0,0,0,1,0,1,0,0,0,0,8,9,0,0,0,0,0,0,0,0,0,0,0,0,0,1,0,0,0,0,1,0,0,0,0,0,0,0,0,0,0,0,0,0,0,0
332,吉利帝豪GS,7.78,10.88,0,0,1,0,0,1,0,0,0,1,0,0,6,7,0,0,0,0,0,0,0,0,1,0,0,0,0,0,0,1,0,0,0,0,0,0,0,0,0,0,0,0,0,0,0,0,0,0
333,江淮第二代瑞风S3,6.58,9.58,0,0,1,0,0,1,0,0,0,0,1,0,6,7,0,0,0,0,0,0,0,0,0,0,0,1,0,1,0,0,0,0,0,0,0,0,0,0,0,0,0,0,0,0,0,0,0,0
334,奇瑞东方之子,8.18,20.18,0,1,0,0,0,1,0,1,0,0,1,0,9,9,0,0,0,0,0,0,0,0,0,0,0,0,0,0,0,1,0,0,1,0,0,0,0,1,0,0,0,0,0,0,0,0,0,0
335,宝骏630,5.98,7.48,0,1,0,0,0,1,0,1,0,0,0,0,6,8,0,0,0,0,0,0,0,0,0,0,0,1,0,0,0,0,0,0,0,0,0,0,0,0,0,0,0,0,0,0,0,0,0,0
336,福特福克斯三厢,9.98,16.58,1,1,0,0,0,1,0,1,0,1,0,0,5,9,0,0,0,1,0,0,0,0,0,0,0,0,1,1,0,1,0,0,0,0,0,0,0,0,0,0,0,0,0,0,0,0,0,0
337,福特麦柯斯S-MAX,19.48,24.58,0,0,0,1,0,0,0,1,0,0,0,0,11,11,0,0,0,0,0,0,0,0,0,0,0,0,0,0,0,0,0,0,0,0,0,1,0,0,0,0,0,0,0,0,0,0,0,0
338,比亚迪秦EV,20.98,30.98,0,1,0,0,0,0,0,0,0,1,0,1,1,2,0,0,0,0,0,0,0,0,0,0,0,0,1,0,0,0,0,0,0,0,0,0,0,0,0,0,0,0,0,0,0,0,0,0
339,丰田普锐斯,22.98,26.98,1,0,0,0,0,0,0,0,0,0,1,0,4,5,0,0,0,0,0,0,0,0,0,0,0,0,0,0,0,1,0,0,0,0,0,0,0,0,0,0,0,0,0,0,0,0,0,0
340,东风风神AX3,6.97,8.77,0,0,1,0,0,1,1,0,0,0,0,0,6,7,0,0,0,0,0,0,0,0,0,0,1,1,0,0,0,0,0,0,0,0,0,0,0,0,0,0,0,0,0,0,0,0,0,0
341,东风风神AX7,9.97,14.17,0,0,1,0,0,1,0,1,0,0,0,0,8,10,0,0,0,0,0,0,0,0,0,0,1,0,0,0,0,0,0,0,1,0,0,1,0,0,0,0,0,0,0,0,0,0,0,0
342,吉利英伦TX4,20.8,22.8,1,0,0,0,0,1,1,0,0,0,0,0,9,11,0,0,0,0,0,0,0,0,0,0,0,0,0,0,0,0,0,0,0,0,0,0,0,1,0,0,1,0,0,0,0,0,0,0
343,三菱帕杰罗劲畅,20.88,30.88,0,0,1,0,0,1,0,1,0,0,0,0,11,11,0,0,0,0,0,0,0,0,0,0,0,0,0,0,0,0,0,0,0,0,0,0,0,1,0,0,0,0,0,0,1,0,0,0
344,力帆620,4.59,6.98,0,1,0,0,0,1,0,0,0,0,1,0,8,8,0,0,0,0,0,0,0,0,0,0,0,1,0,1,0,0,0,0,0,0,0,0,0,0,0,0,0,0,0,0,0,0,0,0
345,力帆X50,5.98,8.28,0,0,1,0,0,1,0,0,0,0,1,0,6,6,0,0,0,0,0,0,0,0,0,0,0,1,0,0,0,0,0,0,0,0,0,0,0,0,0,0,0,0,0,0,0,0,0,0
346,五菱荣光S,4.03,5.78,0,0,0,0,1,1,0,0,0,0,0,0,7,7,0,0,0,0,0,1,0,0,0,0,0,1,0,0,0,0,0,0,0,0,0,0,0,0,0,0,0,0,0,0,0,0,0,0
347,丰田锐志,20.98,31.48,0,1,0,0,0,0,0,1,0,0,0,0,9,10,0,0,0,0,0,0,0,0,0,0,0,0,0,0,0,0,0,0,0,0,0,0,0,0,0,1,0,0,0,0,1,0,0,0
348,五菱荣光V,3.78,4.58,0,0,0,0,1,1,0,0,0,0,0,0,7,7,0,0,0,0,0,1,0,0,0,0,0,1,0,0,0,0,0,0,0,0,0,0,0,0,0,0,0,0,0,0,0,0,0,0
349,力帆X60,7.54,9.09,0,0,1,0,0,1,0,0,0,0,1,0,8,8,0,0,0,0,0,0,0,0,0,0,0,0,0,0,0,1,0,0,0,0,0,0,0,0,0,0,0,0,0,0,0,0,0,0
350,海马丘比特,4.99,6.39,1,0,0,0,0,1,0,0,1,0,0,0,6,7,0,0,0,0,0,0,0,1,0,0,0,1,0,0,0,0,0,0,0,0,0,0,0,0,0,0,0,0,0,0,0,0,0,0
351,起亚KX5,15.68,23.18,0,0,1,0,0,1,1,0,0,1,0,0,7,7,0,0,0,0,0,0,0,0,0,0,0,0,0,0,1,0,0,0,1,0,0,0,0,0,0,0,0,0,0,0,0,0,0,0
352,吉利自由舰,3.38,5.58,0,1,0,0,0,1,1,0,0,0,0,0,7,8,0,0,1,0,0,0,0,1,0,0,0,1,0,1,0,0,0,0,0,0,0,0,0,0,0,0,0,0,0,0,0,0,0,0
353,北汽幻速S6,7.98,11.68,0,0,1,0,0,1,0,0,0,0,1,0,10,11,0,0,0,0,0,0,0,0,0,0,0,0,1,0,0,0,0,0,0,0,0,0,0,0,0,0,0,0,0,0,0,0,0,0
354,北汽幻速S3,5.38,5.88,0,0,1,0,0,1,0,0,0,0,0,0,7,7,0,0,0,0,0,0,0,0,0,0,0,1,0,0,0,0,0,0,0,0,0,0,0,0,0,0,0,0,0,0,0,0,0,0
355,威麟V5,8.58,13.78,0,0,0,1,0,1,0,1,0,0,0,0,8,9,0,0,0,0,0,0,0,0,0,0,0,0,0,0,0,1,0,1,1,1,0,0,0,0,0,0,0,0,0,0,0,0,0,0
356,东风风神H30 CROSS,6.58,9.98,1,0,0,0,0,1,1,1,0,0,0,0,6,8,0,0,0,0,0,0,0,0,0,0,0,1,0,1,0,0,0,0,0,0,0,0,0,0,0,0,0,0,0,0,0,0,0,0
357,吉利博瑞,11.98,22.98,0,1,0,0,0,0,0,1,0,0,0,0,8,10,0,0,0,0,0,0,0,0,0,0,0,0,0,0,0,0,1,0,0,0,0,0,0,1,0,0,0,0,0,0,0,0,1,0
358,起亚赛拉图欧风,8.98,11.48,0,1,0,0,0,1,1,0,0,0,0,0,7,8,0,0,0,0,0,0,0,0,0,0,0,0,0,1,0,0,0,0,0,0,0,0,0,0,0,0,0,0,0,0,0,0,0,0
359,东风风行菱智,5.59,9.89,0,0,0,1,0,1,0,0,0,0,0,0,7,10,0,0,0,0,0,0,0,0,0,0,0,1,0,1,0,0,0,0,1,0,0,0,0,0,0,0,0,0,0,0,0,0,0,0
360,大众途安,15.58,23.08,0,0,0,1,0,1,0,0,0,1,0,0,6,10,0,0,0,0,0,0,0,0,0,0,1,0,0,0,0,0,1,0,0,0,0,0,0,0,0,0,0,0,0,0,0,0,0,0
361,众泰云100,15.89,16.99,1,0,0,0,0,0,0,0,0,0,0,1,0,0,1,0,0,0,0,0,0,0,0,0,0,0,0,0,0,0,0,0,0,0,0,0,0,0,0,0,0,0,0,0,0,0,0,0
362,北汽绅宝X35,6.58,8.88,0,0,1,0,0,1,1,0,0,0,0,0,7,7,0,0,0,0,0,0,0,0,0,0,0,1,0,0,0,0,0,0,0,0,0,0,0,0,0,0,0,0,0,0,0,0,0,0
363,雪佛兰乐风RV,7.49,9.99,1,0,0,0,0,1,1,0,0,0,0,0,6,6,0,0,0,0,0,0,0,0,0,0,0,1,0,0,0,0,0,0,0,0,0,0,0,0,0,0,0,0,0,0,0,0,0,0
364,吉利SC3,4.08,4.78,0,1,0,0,0,1,0,0,0,0,0,0,7,7,0,0,0,0,0,0,0,1,0,0,0,0,0,0,0,0,0,0,0,0,0,0,0,0,0,0,0,0,0,0,0,0,0,0
365,荣威750,16.28,27.68,0,1,0,0,0,1,1,1,0,0,0,0,8,10,0,0,0,0,0,0,0,0,0,0,0,0,0,0,0,0,1,0,0,0,0,0,0,0,0,1,0,0,0,0,0,0,0,0
366,北汽绅宝X25,5.58,7.58,0,0,1,0,0,1,1,0,0,0,0,0,6,7,0,0,0,0,0,0,0,0,0,0,0,1,0,0,0,0,0,0,0,0,0,0,0,0,0,0,0,0,0,0,0,0,0,0
367,本田思域,11.59,16.99,0,1,0,0,0,1,0,0,0,0,1,0,5,8,0,0,0,1,0,0,0,0,0,0,0,0,1,0,0,0,0,0,0,0,0,0,0,0,0,0,0,0,0,0,0,0,0,0
368,奥迪Q5,40.04,52.53,0,0,1,0,0,0,0,1,0,0,0,0,8,10,0,0,0,0,0,0,0,0,0,0,0,0,0,0,0,0,0,0,0,1,0,0,0,0,0,0,0,0,0,0,0,0,0,0
369,奥迪Q3,23.42,34.28,0,0,1,0,0,0,0,0,0,1,0,0,6,8,0,0,0,0,0,0,0,0,0,0,1,0,0,0,0,0,0,0,0,1,0,0,0,0,0,0,0,0,0,0,0,0,0,0
370,日产轩逸,9.98,15.9,0,1,0,0,0,1,1,0,0,0,1,0,5,8,0,0,0,0,0,0,0,0,0,0,0,0,0,1,0,1,0,0,0,0,0,0,0,0,0,0,0,0,0,0,0,0,0,0
371,北汽绅宝X55,7.68,11.98,0,0,1,0,0,1,0,0,0,0,1,0,7,8,0,0,0,0,0,0,0,0,0,0,0,1,1,0,0,0,0,0,0,0,0,0,0,0,0,0,0,0,0,0,0,0,0,0
372,马自达2三厢,7.58,11.08,1,1,0,0,0,1,1,0,0,0,0,0,6,7,0,0,0,0,0,0,0,1,0,0,0,1,0,0,0,0,0,0,0,0,0,0,0,0,0,0,0,0,0,0,0,0,0,0
373,一汽佳宝V80,4.09,5.49,0,0,0,0,1,1,0,0,0,0,0,0,6,7,0,0,0,0,0,0,0,1,0,0,0,1,0,0,0,0,0,0,0,0,0,0,0,0,0,0,0,0,0,0,0,0,0,0
374,北汽幻速H2,3.98,6.68,0,0,0,0,1,1,1,0,0,0,0,0,6,7,0,0,0,0,0,0,0,0,0,0,0,1,0,0,0,0,0,0,0,0,0,0,0,0,0,0,0,0,0,0,0,0,0,0
375,北汽幻速H3,5.58,6.28,0,0,0,1,0,1,0,0,0,0,0,0,7,7,0,0,0,0,0,0,0,0,0,0,0,1,0,0,0,0,0,0,0,0,0,0,0,0,0,0,0,0,0,0,0,0,0,0
376,铃木天语SX4,7.98,9.98,1,0,0,0,0,1,1,0,0,0,0,0,7,8,0,0,0,0,0,0,0,0,0,0,0,0,0,1,0,0,0,0,0,0,0,0,0,0,0,0,0,0,0,0,0,0,0,0
377,东风风神S30,5.98,8.18,0,1,0,0,0,1,0,1,0,0,0,0,6,8,0,0,0,0,0,0,0,0,0,0,0,1,0,1,0,0,0,0,0,0,0,0,0,0,0,0,0,0,0,0,0,0,0,0
378,海马V70,7.89,12.89,0,0,0,1,0,1,0,1,0,0,0,0,8,8,0,0,0,0,0,0,0,0,0,0,0,0,1,0,0,0,0,0,1,0,0,0,0,0,0,0,0,0,0,0,0,0,0,0
379,丰田RAV4,17.98,26.98,0,0,1,0,0,0,0,1,0,0,1,0,6,10,0,0,0,0,0,0,0,0,0,0,0,0,0,0,0,0,0,0,1,0,0,0,0,0,0,1,0,0,0,0,0,0,0,0
380,奇瑞瑞虎5,8.88,12.38,0,0,1,0,0,1,0,0,0,0,1,0,7,9,0,0,0,0,0,0,0,0,0,0,0,0,1,0,0,0,0,0,0,0,0,0,0,0,0,0,0,0,0,0,0,0,0,0
381,奇瑞瑞虎3,6.89,9.29,0,0,1,0,0,1,0,0,0,0,1,0,7,8,0,0,0,0,0,0,0,0,0,0,0,0,0,1,0,0,0,0,0,0,0,0,0,0,0,0,0,0,0,0,0,0,0,0
382,众泰V10,3.78,5.08,0,0,0,0,1,1,0,0,0,0,0,0,7,10,0,0,0,0,0,1,0,0,0,0,0,0,0,0,0,0,0,0,0,0,0,0,0,0,0,0,0,0,0,0,0,0,0,0
383,马自达2,7.58,11.08,1,1,0,0,0,1,1,0,0,0,0,0,6,7,0,0,0,0,0,0,0,1,0,0,0,1,0,0,0,0,0,0,0,0,0,0,0,0,0,0,0,0,0,0,0,0,0,0
384,中华骏捷,11.48,16.58,0,1,0,0,0,1,0,0,0,0,0,0,8,10,0,0,0,0,0,0,0,0,0,0,0,0,0,0,0,1,0,0,0,0,0,0,0,0,0,0,0,0,0,0,0,0,0,0
385,日产逍客,13.98,18.98,0,0,1,0,0,1,0,0,0,0,1,0,6,9,0,0,0,0,0,0,1,0,0,0,0,0,0,0,0,0,0,0,1,0,0,0,0,0,0,0,0,0,0,0,0,0,0,0
386,本田艾力绅,24.98,30.98,0,0,0,1,0,0,0,0,0,0,1,0,8,9,0,0,0,0,0,0,0,0,0,0,0,0,0,0,0,0,0,0,0,0,0,0,0,1,0,0,0,0,0,0,0,0,0,0
387,铃木利亚纳三厢,5.29,8.29,1,1,0,0,0,1,1,0,0,0,0,0,6,8,0,0,0,0,0,0,0,0,0,1,0,1,0,0,0,0,0,0,0,0,0,0,0,0,0,0,0,0,0,0,0,0,0,0
388,丰田皇冠,25.48,38.98,0,1,0,0,0,0,0,1,0,0,0,0,7,11,0,0,0,0,0,0,0,0,0,0,0,0,0,0,0,0,0,0,0,1,0,0,0,0,0,1,0,0,0,0,0,0,0,0
389,三菱戈蓝,14.98,19.98,0,1,0,0,0,0,0,1,0,0,0,0,9,10,0,0,0,0,0,0,0,0,0,0,0,0,0,0,0,0,0,0,1,0,0,0,0,1,0,0,0,0,0,0,0,0,0,0
390,广汽传祺GS5速博,11.68,21.88,0,0,1,0,0,1,1,0,0,0,0,0,7,9,0,0,0,0,0,0,0,0,0,0,0,0,0,0,0,0,1,0,1,0,0,0,0,0,0,0,0,0,0,0,0,0,0,0
391,标致308S,11.27,17.97,1,0,0,0,0,1,0,1,0,0,0,0,5,5,0,0,0,0,0,0,1,0,0,0,0,0,0,1,1,0,0,0,0,0,0,0,0,0,0,0,0,0,0,0,0,0,0,0
392,中华V3,6.57,11.77,0,0,1,0,0,1,0,1,0,0,0,0,6,8,0,0,0,0,0,0,0,0,0,0,0,1,1,0,0,0,0,0,0,0,0,0,0,0,0,0,0,0,0,0,0,0,0,0
393,江淮瑞风S2,5.88,7.68,0,0,1,0,0,1,0,0,0,0,1,0,6,7,0,0,0,0,0,0,0,0,0,0,0,1,0,0,0,0,0,0,0,0,0,0,0,0,0,0,0,0,0,0,0,0,0,0
394,中华V5,8.98,14.58,0,0,1,0,0,1,0,1,0,0,0,0,7,8,0,0,0,0,0,0,0,0,0,0,0,0,1,1,0,0,0,0,0,0,0,0,0,0,0,0,0,0,0,0,0,0,0,0
395,海马福美来,6.88,9.28,0,1,0,0,0,1,0,1,0,0,0,0,6,8,0,0,0,0,0,0,0,0,0,0,0,0,0,1,0,0,0,0,0,0,0,0,0,0,0,0,0,0,0,0,0,0,0,0
396,宝马5系,43.56,77.86,0,1,0,0,0,0,0,1,0,0,0,0,7,10,0,0,0,0,0,0,0,0,0,0,0,0,0,0,0,0,0,0,0,1,0,0,0,0,0,0,0,0,0,0,0,1,0,0
397,荣威360,7.59,12.99,0,1,0,0,0,1,0,1,0,1,0,0,6,6,0,0,0,0,0,0,0,0,0,0,1,1,0,0,0,0,0,0,0,0,0,0,0,0,0,0,0,0,0,0,0,0,0,0
398,福特福睿斯,9.68,12.23,0,1,0,0,0,1,0,1,0,0,0,0,6,7,0,0,0,0,0,0,0,0,0,0,0,1,0,0,0,0,0,0,0,0,0,0,0,0,0,0,0,0,0,0,0,0,0,0
399,一汽威志V2,4.69,5.89,1,0,0,0,0,1,0,0,1,0,0,0,6,7,0,0,0,0,0,0,0,1,0,0,0,0,0,0,0,0,0,0,0,0,0,0,0,0,0,0,0,0,0,0,0,0,0,0
400,吉利GC7,6.19,8.99,0,1,0,0,0,1,0,1,0,0,0,0,7,8,0,0,0,0,0,0,0,0,0,0,0,1,0,0,0,1,0,0,0,0,0,0,0,0,0,0,0,0,0,0,0,0,0,0
401,中华H330,6.58,7.58,0,1,0,0,0,1,0,1,0,0,0,0,8,9,0,0,0,0,0,0,0,0,0,0,0,1,0,0,0,0,0,0,0,0,0,0,0,0,0,0,0,0,0,0,0,0,0,0
402,标致3008,14.07,22.32,0,0,1,0,0,1,0,1,0,0,0,0,6,9,0,0,0,0,0,0,0,0,0,0,0,0,0,0,1,0,0,0,1,0,0,0,0,0,0,0,0,0,0,0,0,0,0,0
403,荣威350,7.87,14.07,0,1,0,0,0,1,0,1,0,0,0,0,7,8,0,0,0,0,0,0,0,0,0,0,0,1,1,0,0,0,0,0,0,0,0,0,0,0,0,0,0,0,0,0,0,0,0,0
404,本田哥瑞,7.98,11.98,0,1,0,0,0,1,0,0,0,0,1,0,5,6,0,0,0,0,0,0,0,0,0,0,0,1,0,0,0,0,0,0,0,0,0,0,0,0,0,0,0,0,0,0,0,0,0,0
405,中华骏捷FRV,5.58,8.53,1,0,0,0,0,1,0,1,0,0,0,0,7,8,0,0,0,0,0,0,0,1,0,0,0,1,0,1,0,0,0,0,0,0,0,0,0,0,0,0,0,0,0,0,0,0,0,0
406,起亚K2两厢,7.29,10.39,1,1,0,0,0,1,1,1,0,0,0,0,5,6,0,0,0,0,0,0,0,0,0,1,0,0,0,1,0,0,0,0,0,0,0,0,0,0,0,0,0,0,0,0,0,0,0,0
407,宝马3系,28.8,48.69,0,1,0,0,0,0,0,1,0,0,0,0,6,10,0,0,0,0,0,0,0,0,0,0,0,0,1,0,0,0,0,0,0,1,0,0,0,0,0,0,0,0,0,0,0,0,0,0
408,本田CR-V,17.98,24.98,0,0,1,0,0,0,0,0,0,0,1,0,7,10,0,0,0,0,0,0,0,0,0,0,0,0,0,0,0,0,0,0,1,0,0,0,0,1,0,0,0,0,0,0,0,0,0,0
409,金杯阁瑞斯,7.98,27.18,0,0,0,0,1,1,1,0,0,0,0,0,11,13,0,0,0,0,0,0,0,0,0,0,0,0,0,0,0,0,0,0,1,0,1,0,0,1,0,0,0,1,0,0,0,0,0,0
410,比亚迪F3,4.39,7.79,0,1,0,0,0,1,0,0,0,1,0,0,6,8,0,0,0,0,0,0,0,0,0,0,0,1,0,0,0,0,0,0,0,0,0,0,0,0,0,0,0,0,0,0,0,0,0,0
411,比亚迪速锐,6.99,9.59,0,1,0,0,0,1,0,0,0,1,0,0,6,6,0,0,0,0,0,0,0,0,0,0,0,1,0,0,0,0,0,0,0,0,0,0,0,0,0,0,0,0,0,0,0,0,0,0
412,东南V5菱致,6.59,10.59,0,1,0,0,0,1,0,0,0,0,1,0,6,7,0,0,0,0,0,0,0,0,0,0,0,1,1,0,0,0,0,0,0,0,0,0,0,0,0,0,0,0,0,0,0,0,0,0
413,中华骏捷FSV,6.58,9.78,0,1,0,0,0,1,0,1,0,0,0,0,7,8,0,0,0,0,0,0,0,0,0,0,0,1,0,1,0,0,0,0,0,0,0,0,0,0,0,0,0,0,0,0,0,0,0,0
414,比亚迪F0,3.79,4.79,1,0,0,0,0,1,0,0,1,0,0,0,5,6,0,0,1,0,0,0,0,0,0,0,0,0,0,0,0,0,0,0,0,0,0,0,0,0,0,0,0,0,0,0,0,0,0,0
415,哈飞民意,2.69,4.63,0,0,0,0,1,1,0,0,0,0,0,0,6,8,0,0,1,0,0,0,0,0,0,0,0,0,0,0,0,0,0,0,0,0,0,0,0,0,0,0,0,0,0,0,0,0,0,0
416,比亚迪G3,6.29,10.99,0,1,0,0,0,1,0,0,0,1,1,0,6,8,0,0,0,0,0,0,0,0,0,0,0,1,0,0,0,1,0,0,0,0,0,0,0,0,0,0,0,0,0,0,0,0,0,0
417,比亚迪G6,7.98,11.58,0,1,0,0,0,1,0,0,0,1,0,0,7,8,0,0,0,0,0,0,0,0,0,0,0,0,1,0,0,0,0,0,1,0,0,0,0,0,0,0,0,0,0,0,0,0,0,0
418,比亚迪G5,7.59,10.29,0,1,0,0,0,1,0,0,0,1,0,0,6,6,0,0,0,0,0,0,0,0,0,0,0,0,1,0,0,0,0,0,0,0,0,0,0,0,0,0,0,0,0,0,0,0,0,0
419,众泰Z300,5.49,7.58,0,1,0,0,0,1,0,0,0,0,0,0,6,7,0,0,0,0,0,0,0,0,0,0,0,1,0,0,0,0,0,0,0,0,0,0,0,0,0,0,0,0,0,0,0,0,0,0
420,猎豹黑金刚,10.98,17.98,0,0,1,0,0,1,0,0,0,0,0,0,8,12,0,0,0,0,0,0,0,0,0,0,0,0,0,0,0,0,0,0,0,0,1,0,0,1,0,0,1,0,0,0,0,0,0,0
421,雪佛兰科帕奇,17.99,20.99,0,0,1,0,0,0,0,1,0,0,0,0,10,10,0,0,0,0,0,0,0,0,0,0,0,0,0,0,0,0,0,0,0,0,0,0,0,1,0,0,0,0,0,0,0,0,0,0
422,现代领动,9.98,15.18,0,1,0,0,0,1,0,1,0,1,0,0,6,6,0,0,0,0,0,0,0,0,0,0,1,0,0,1,0,0,0,0,0,0,0,0,0,0,0,0,0,0,0,0,0,0,0,0
423,标致301,8.47,11.97,0,1,0,0,0,1,0,1,0,0,0,0,6,8,0,0,0,0,0,0,0,0,0,0,0,0,0,1,0,0,0,0,0,0,0,0,0,0,0,0,0,0,0,0,0,0,0,0
424,现代全新胜达,22.48,28.98,0,0,1,0,0,1,0,1,0,0,0,0,9,10,0,0,0,0,0,0,0,0,0,0,0,0,0,0,0,0,0,0,0,1,0,0,0,1,0,0,0,0,0,0,0,0,0,0
425,马自达Mazda6 Atenza阿特兹,17.58,23.58,0,1,0,0,0,0,0,1,0,0,0,0,6,7,0,0,0,0,0,0,0,0,0,0,0,0,0,0,0,0,0,0,1,0,0,0,0,0,0,1,0,0,0,0,0,0,0,0
426,标致308,9.97,15.97,0,1,0,0,0,1,0,1,0,0,0,0,5,8,0,0,0,0,0,0,1,0,0,0,0,0,0,1,1,0,0,0,0,0,0,0,0,0,0,0,0,0,0,0,0,0,0,0
427,比亚迪宋,8.99,14.99,0,0,1,0,0,1,0,0,0,1,0,0,2,2,0,0,0,0,0,0,0,0,0,0,0,0,1,0,0,0,0,0,0,1,0,0,0,0,0,0,0,0,0,0,0,0,0,0
428,比亚迪L3,5.49,7.19,0,1,0,0,0,1,0,0,0,1,0,0,6,8,0,0,0,0,0,0,0,0,0,0,0,1,0,0,0,0,0,0,0,0,0,0,0,0,0,0,0,0,0,0,0,0,0,0
429,力帆丰顺,3.28,4.94,0,0,0,0,1,1,0,0,0,0,0,0,6,9,0,0,1,0,0,0,0,1,0,0,0,0,0,0,0,0,0,0,0,0,0,0,0,0,0,0,0,0,0,0,0,0,0,0
430,东南V6菱仕,7.99,9.79,1,0,0,0,0,1,0,0,0,0,1,0,6,7,0,0,0,0,0,0,0,0,0,0,0,1,1,0,0,0,0,0,0,0,0,0,0,0,0,0,0,0,0,0,0,0,0,0
431,比亚迪M6,10.39,15.39,0,0,0,1,0,1,0,1,0,1,0,0,9,11,0,0,0,0,0,0,0,0,0,0,0,0,0,0,0,0,0,0,1,0,0,0,0,1,0,0,0,0,0,0,0,0,0,0
432,吉利SX7,9.28,12.99,0,0,1,0,0,1,0,1,0,0,0,0,7,10,0,0,0,0,0,0,0,0,0,0,0,0,0,0,0,1,0,0,1,0,0,0,0,1,0,0,0,0,0,0,0,0,0,0
433,吉利金刚,4.59,6.59,1,1,0,0,0,1,1,0,0,0,0,0,6,8,0,0,0,0,0,0,0,0,0,0,0,1,0,0,0,0,0,0,0,0,0,0,0,0,0,0,0,0,0,0,0,0,0,0
434,大众帕萨特,18.39,33.29,0,1,0,0,0,1,0,0,0,1,0,0,6,10,0,0,0,0,0,0,0,0,0,0,1,0,0,0,0,0,1,0,0,1,0,0,0,0,0,0,0,0,0,0,1,0,0,0
435,福特翼虎,18.48,27.08,0,0,1,0,0,0,0,1,0,0,0,0,7,9,0,0,0,0,0,0,0,0,0,0,0,0,1,0,0,0,0,0,0,1,0,0,0,0,0,0,0,0,0,0,0,0,0,0
436,本田缤智,12.88,18.98,0,0,1,0,0,1,0,0,0,0,1,0,6,7,0,0,0,0,0,0,0,0,0,0,0,1,0,0,0,1,0,0,0,0,0,0,0,0,0,0,0,0,0,0,0,0,0,0
437,东风风行S500,5.99,9.99,0,0,0,1,0,1,0,0,0,0,1,0,6,6,0,0,0,0,0,0,0,0,0,0,0,1,0,1,0,0,0,0,0,0,0,0,0,0,0,0,0,0,0,0,0,0,0,0
438,海马骑士,10.58,15.28,0,0,1,0,0,1,0,1,0,0,0,0,9,9,0,0,0,0,0,0,0,0,0,0,0,0,0,0,0,0,0,0,1,0,0,0,0,0,0,0,0,0,0,0,0,0,0,0
439,长城C50,7.39,8.59,0,1,0,0,0,1,0,0,0,0,0,0,6,6,0,0,0,0,0,0,0,0,0,0,0,0,1,0,0,0,0,0,0,0,0,0,0,0,0,0,0,0,0,0,0,0,0,0
440,哈飞骏意,4.14,4.44,0,0,0,0,1,1,0,0,0,0,0,0,6,7,0,0,0,0,0,0,0,1,0,0,0,0,0,0,0,0,0,0,0,0,0,0,0,0,0,0,0,0,0,0,0,0,0,0
441,江淮瑞风,6.58,9.58,0,0,1,0,0,1,0,0,0,0,1,0,6,7,0,0,0,0,0,0,0,0,0,0,0,1,0,1,0,0,0,0,0,0,0,0,0,0,0,0,0,0,0,0,0,0,0,0
442,别克昂科威,20.99,34.99,0,0,1,0,0,0,0,1,0,1,0,0,7,9,0,0,0,0,0,0,0,0,0,0,0,0,1,0,0,0,0,0,0,1,0,0,0,0,0,0,0,0,0,0,0,0,0,0
443,三菱君阁,12.98,17.98,0,0,0,1,0,1,1,0,0,0,0,0,10,10,0,0,0,0,0,0,0,0,0,0,0,0,0,0,0,0,0,0,1,0,0,0,0,0,0,0,0,0,0,0,0,0,0,0
444,启辰D50,6.98,8.58,0,1,0,0,0,1,1,0,0,0,0,0,6,7,0,0,0,0,0,0,0,0,0,0,0,0,0,1,0,0,0,0,0,0,0,0,0,0,0,0,0,0,0,0,0,0,0,0
445,金杯海狮,5.68,12.48,0,0,0,0,1,1,0,0,0,0,0,0,13,14,0,0,0,0,0,0,0,0,0,0,0,0,0,0,0,0,0,0,1,0,1,0,0,1,0,0,1,0,0,0,0,0,0,0
446,众泰Z700,9.98,15.88,0,1,0,0,0,1,0,0,0,1,0,0,8,8,0,0,0,0,0,0,0,0,0,0,0,0,0,0,0,0,1,0,0,0,0,0,0,0,0,0,0,0,0,0,0,0,0,0
447,大众宝来,10.78,15.38,0,1,0,0,0,1,0,1,0,1,0,0,5,9,0,0,0,0,0,0,0,0,0,0,1,0,0,1,0,0,0,0,0,0,0,0,0,0,0,0,0,0,0,0,0,0,0,0
448,长安长安之星,2.5,5.09,0,0,0,0,1,1,0,0,0,0,0,0,7,8,0,0,1,0,0,1,0,1,0,0,0,0,0,0,0,0,0,0,0,0,0,0,0,0,0,0,0,0,0,0,0,0,0,0
449,马自达睿翼,16.48,18.48,1,1,0,0,0,0,0,1,0,0,0,0,8,8,0,0,0,0,0,0,0,0,0,0,0,0,0,0,0,0,0,0,1,0,0,0,0,0,0,0,0,0,0,0,0,0,0,0
450,比亚迪思锐,10.39,15.09,0,1,0,0,0,1,0,0,0,1,0,0,7,7,0,0,0,0,0,0,0,0,0,0,0,0,1,0,0,0,0,0,0,0,0,0,0,0,0,0,0,0,0,0,0,0,0,0
451,铃木北斗星,3.99,4.49,1,0,0,0,0,1,0,0,0,0,0,0,5,6,0,0,0,0,0,0,0,0,0,1,0,0,0,0,0,0,0,0,0,0,0,0,0,0,0,0,0,0,0,0,0,0,0,0
452,雪佛兰迈锐宝,16.49,18.99,0,1,0,0,0,0,0,1,0,0,0,0,7,8,0,0,0,0,0,0,0,0,0,0,0,0,1,0,0,0,0,0,0,0,0,0,0,0,0,0,0,0,0,0,0,0,0,0
453,中华骏捷Wagon,11.48,14.48,0,1,0,0,0,1,1,1,0,0,0,0,7,9,0,0,0,0,0,0,0,0,0,0,0,0,0,1,0,0,1,0,1,0,0,0,0,0,0,0,0,0,0,0,0,0,0,0
454,长城C30,5.49,7.49,0,1,0,0,0,1,0,0,1,0,0,0,6,7,0,0,0,0,0,0,0,0,0,0,0,1,0,0,0,0,0,0,0,0,0,0,0,0,0,0,0,0,0,0,0,0,0,0
455,大众桑塔纳-尚纳,8.49,13.89,1,1,0,0,0,1,1,0,0,1,0,0,6,7,0,0,0,0,0,0,0,0,0,1,1,0,0,1,0,0,0,0,0,0,0,0,0,0,0,0,0,0,0,0,0,0,0,0
456,雪铁龙世嘉两厢,9.58,11.18,0,1,0,0,0,1,0,1,0,0,0,0,7,9,0,0,0,0,0,0,0,0,0,0,0,0,0,1,0,0,0,0,0,0,0,0,0,0,0,0,0,0,0,0,0,0,0,0
457,丰田凯美瑞,18.78,32.98,0,1,0,0,0,0,0,1,0,0,1,0,5,10,0,0,0,0,0,0,0,0,0,0,0,0,0,0,0,0,0,0,1,0,0,0,0,0,0,1,0,0,0,0,0,0,0,0
458,Jeep自由侠,13.48,20.28,0,0,1,0,0,1,0,1,0,1,0,0,7,8,0,0,0,0,0,0,0,0,0,0,1,0,0,0,0,0,0,0,1,0,0,0,0,0,0,0,0,0,0,0,0,0,0,0
459,江淮第二代瑞风S5,8.95,13.95,0,0,1,0,0,1,0,0,0,1,0,0,8,9,0,0,0,0,0,0,0,0,0,0,0,0,1,0,0,0,0,0,1,0,0,0,0,0,0,0,0,0,0,0,0,0,0,0
460,东风俊风,3.98,4.55,0,0,0,0,1,1,0,0,0,0,0,0,6,7,0,0,0,0,0,0,0,1,0,0,0,0,0,0,0,0,0,0,0,0,0,0,0,0,0,0,0,0,0,0,0,0,0,0