,id,year,month,pSales,predict,error
0,1,2016,8,3.0,-1.0,-4.0
8,1,2015,12,-2.0,-1.0,1.0
9,1,2015,11,-2.0,-1.0,1.0
10,1,2015,10,-1.0,-1.0,0.0
11,1,2015,9,-0.0,-1.0,-1.0
12,1,2015,8,-2.0,-1.0,1.0
21,2,2016,8,-1.0,-1.0,0.0
28,2,2015,12,-1.0,-1.0,0.0
29,2,2015,11,-2.0,-1.0,1.0
30,2,2015,10,-2.0,-1.0,1.0
31,2,2015,9,-2.0,-1.0,1.0
32,2,2015,8,-2.0,-1.0,1.0
88,3,2016,8,-1.0,-2.0,-1.0
96,3,2015,12,-2.0,-1.0,1.0
97,3,2015,11,-1.0,-1.0,0.0
98,3,2015,10,-1.0,-1.0,0.0
99,3,2015,9,-1.0,-1.0,0.0
100,3,2015,8,-2.0,-1.0,1.0
126,4,2016,8,-4.0,-2.0,2.0
134,4,2015,12,-1.0,-1.0,0.0
135,4,2015,11,-3.0,-1.0,2.0
136,4,2015,10,-4.0,-1.0,3.0
137,4,2015,9,-4.0,-1.0,3.0
138,4,2015,8,-4.0,-1.0,3.0
155,5,2016,8,-6.0,-2.0,4.0
163,5,2015,12,-0.0,-1.0,-1.0
164,5,2015,11,-2.0,-1.0,1.0
165,5,2015,10,-3.0,-1.0,2.0
166,5,2015,9,-2.0,-1.0,1.0
167,5,2015,8,1.0,-1.0,-2.0
172,6,2016,8,-2.0,-2.0,0.0
180,6,2015,12,0.0,-1.0,-1.0
181,6,2015,11,0.0,-1.0,-1.0
182,6,2015,10,-1.0,-1.0,0.0
183,6,2015,9,-1.0,-1.0,0.0
184,6,2015,8,-1.0,-1.0,0.0
213,7,2016,8,1.0,-2.0,-3.0
220,7,2015,12,4.0,-1.0,-5.0
221,7,2015,11,3.0,-1.0,-4.0
222,7,2015,10,3.0,-1.0,-4.0
223,7,2015,9,11.0,-1.0,-12.0
224,7,2015,8,-1.0,-1.0,0.0
260,8,2016,8,4.0,-1.0,-5.0
274,9,2016,8,4.0,-1.0,-5.0
276,9,2015,12,-0.0,-1.0,-1.0
277,9,2015,11,1.0,-1.0,-2.0
278,9,2015,10,-1.0,-1.0,0.0
279,9,2015,9,-1.0,-1.0,0.0
280,9,2015,8,-1.0,-1.0,0.0
324,11,2016,8,2.0,-2.0,-4.0
332,11,2015,12,8.0,-1.0,-9.0
333,11,2015,11,0.0,-1.0,-1.0
334,11,2015,10,-1.0,-1.0,0.0
335,11,2015,9,-1.0,-1.0,0.0
336,11,2015,8,-1.0,-1.0,0.0
445,13,2016,8,-2.0,-2.0,0.0
453,13,2015,12,-3.0,-1.0,2.0
454,13,2015,11,-1.0,-1.0,0.0
455,13,2015,10,-2.0,-1.0,1.0
456,13,2015,9,-2.0,-1.0,1.0
457,13,2015,8,-3.0,-1.0,2.0
568,14,2015,12,-4.0,-1.0,3.0
569,14,2015,11,-5.0,-1.0,4.0
570,14,2015,10,-5.0,-2.0,3.0
571,14,2015,9,-5.0,-2.0,3.0
572,14,2015,8,-5.0,-2.0,3.0
676,15,2016,8,-2.0,-1.0,1.0
683,15,2015,12,5.0,-1.0,-6.0
684,15,2015,11,4.0,-1.0,-5.0
685,15,2015,10,2.0,-1.0,-3.0
686,15,2015,9,1.0,-1.0,-2.0
687,15,2015,8,-3.0,-1.0,2.0
746,16,2016,8,6.0,-2.0,-8.0
754,16,2015,12,6.0,-1.0,-7.0
755,16,2015,11,6.0,-1.0,-7.0
756,16,2015,10,5.0,-1.0,-6.0
757,16,2015,9,5.0,-1.0,-6.0
758,16,2015,8,4.0,-1.0,-5.0
821,18,2016,8,-1.0,-2.0,-1.0
829,18,2015,12,-1.0,-1.0,0.0
830,18,2015,11,-2.0,-1.0,1.0
831,18,2015,9,-1.0,-2.0,-1.0
832,18,2015,8,-2.0,-2.0,0.0
900,20,2016,8,-3.0,-2.0,1.0
908,20,2015,12,-3.0,-1.0,2.0
909,20,2015,11,-2.0,-1.0,1.0
910,20,2015,10,-2.0,-1.0,1.0
911,20,2015,9,-2.0,-1.0,1.0
912,20,2015,8,-2.0,-1.0,1.0
942,21,2016,8,-0.0,-1.0,-1.0
950,21,2015,12,3.0,-1.0,-4.0
951,21,2015,11,4.0,-1.0,-5.0
952,21,2015,10,4.0,-1.0,-5.0
953,21,2015,9,2.0,-1.0,-3.0
954,21,2015,8,2.0,-1.0,-3.0
995,22,2015,12,-1.0,-1.0,0.0
996,22,2015,11,-2.0,-1.0,1.0
997,22,2015,10,-2.0,-2.0,0.0
998,22,2015,9,-2.0,-2.0,0.0
999,22,2015,8,-2.0,-2.0,0.0
1061,23,2016,8,-3.0,-2.0,1.0
1069,23,2015,12,-3.0,-1.0,2.0
1070,23,2015,11,-3.0,-1.0,2.0
1071,23,2015,10,-3.0,-1.0,2.0
1072,23,2015,9,-3.0,-1.0,2.0
1073,23,2015,8,-3.0,-1.0,2.0
1123,24,2016,8,4.0,-1.0,-5.0
1131,24,2015,12,9.0,-1.0,-10.0
1132,24,2015,11,9.0,-1.0,-10.0
1133,24,2015,10,6.0,-1.0,-7.0
1134,24,2015,9,7.0,-1.0,-8.0
1135,24,2015,8,4.0,-1.0,-5.0
1217,25,2016,8,-3.0,-2.0,1.0
1225,25,2015,12,2.0,-1.0,-3.0
1226,25,2015,11,0.0,-1.0,-1.0
1227,25,2015,10,-0.0,-1.0,-1.0
1228,25,2015,9,-1.0,-1.0,0.0
1229,25,2015,8,-0.0,-2.0,-2.0
1260,26,2015,12,-1.0,-1.0,0.0
1261,26,2015,11,-1.0,-1.0,0.0
1262,26,2015,10,-1.0,-1.0,0.0
1263,26,2015,9,-1.0,-1.0,0.0
1264,26,2015,8,-1.0,-1.0,0.0
1324,27,2016,8,-1.0,-2.0,-1.0
1332,27,2015,12,1.0,-1.0,-2.0
1333,27,2015,11,2.0,-1.0,-3.0
1334,27,2015,10,-0.0,-1.0,-1.0
1335,27,2015,9,-3.0,-1.0,2.0
1336,27,2015,8,-2.0,-1.0,1.0
1378,28,2016,8,-3.0,-2.0,1.0
1386,28,2015,12,-1.0,-1.0,0.0
1387,28,2015,11,-1.0,-1.0,0.0
1388,28,2015,10,-0.0,-1.0,-1.0
1389,28,2015,9,-0.0,-1.0,-1.0
1390,28,2015,8,-2.0,-1.0,1.0
1494,30,2016,8,0.0,-1.0,-1.0
1502,30,2015,12,6.0,-1.0,-7.0
1503,30,2015,11,2.0,-1.0,-3.0
1504,30,2015,10,3.0,-1.0,-4.0
1505,30,2015,9,4.0,-1.0,-5.0
1506,30,2015,8,2.0,-1.0,-3.0
1528,31,2016,8,2.0,-2.0,-4.0
1536,31,2015,12,4.0,-1.0,-5.0
1537,31,2015,11,4.0,-1.0,-5.0
1538,31,2015,10,1.0,-1.0,-2.0
1539,31,2015,9,0.0,-1.0,-1.0
1540,31,2015,8,-1.0,-1.0,0.0
1557,32,2016,8,-3.0,-2.0,1.0
1565,32,2015,12,3.0,-1.0,-4.0
1566,32,2015,11,2.0,-1.0,-3.0
1567,32,2015,10,1.0,-1.0,-2.0
1568,32,2015,9,0.0,-1.0,-1.0
1569,32,2015,8,-1.0,-1.0,0.0
1580,33,2016,8,6.0,-2.0,-8.0
1588,33,2015,12,-1.0,-1.0,0.0
1589,33,2015,11,-1.0,-1.0,0.0
1590,33,2015,10,-2.0,-1.0,1.0
1591,33,2015,9,-1.0,-1.0,0.0
1592,33,2015,8,-1.0,-1.0,0.0
1690,35,2016,8,-3.0,-1.0,2.0
1698,35,2015,12,-4.0,-1.0,3.0
1699,35,2015,11,-2.0,-1.0,1.0
1700,35,2015,10,-2.0,-1.0,1.0
1701,35,2015,9,-3.0,-1.0,2.0
1702,35,2015,8,-1.0,-1.0,0.0
1752,36,2016,8,2.0,-2.0,-4.0
1760,36,2015,12,4.0,-1.0,-5.0
1761,36,2015,11,4.0,-1.0,-5.0
1762,36,2015,10,3.0,-1.0,-4.0
1763,36,2015,9,2.0,-1.0,-3.0
1764,36,2015,8,1.0,-1.0,-2.0
1782,37,2016,8,-3.0,-2.0,1.0
1789,37,2015,12,-2.0,-1.0,1.0
1790,37,2015,11,-3.0,-1.0,2.0
1791,37,2015,10,-2.0,-1.0,1.0
1792,37,2015,9,-2.0,-1.0,1.0
1793,37,2015,8,-2.0,-1.0,1.0
1942,39,2016,8,4.0,-2.0,-6.0
1950,39,2015,12,-3.0,-1.0,2.0
1951,39,2015,11,-3.0,-1.0,2.0
1952,39,2015,10,-4.0,-1.0,3.0
1953,39,2015,9,-2.0,-1.0,1.0
1954,39,2015,8,-5.0,-1.0,4.0
1972,41,2016,8,1.0,-2.0,-3.0
1980,41,2015,12,3.0,2.0,-1.0
1981,41,2015,11,3.0,2.0,-1.0
1982,41,2015,10,1.0,-2.0,-3.0
1983,41,2015,9,2.0,-2.0,-4.0
1984,41,2015,8,3.0,-2.0,-5.0
2081,43,2015,12,2.0,-1.0,-3.0
2082,43,2015,11,1.0,-1.0,-2.0
2083,43,2015,10,1.0,-1.0,-2.0
2084,43,2015,9,-0.0,-1.0,-1.0
2085,43,2015,8,-1.0,-1.0,0.0
2189,44,2016,8,-1.0,-2.0,-1.0
2197,44,2015,12,0.0,-1.0,-1.0
2198,44,2015,11,-2.0,-1.0,1.0
2199,44,2015,10,-0.0,-1.0,-1.0
2200,44,2015,9,-1.0,-1.0,0.0
2201,44,2015,8,-3.0,-1.0,2.0
2282,45,2016,8,-4.0,-2.0,2.0
2289,45,2015,12,-3.0,-1.0,2.0
2290,45,2015,11,-1.0,-1.0,0.0
2291,45,2015,10,0.0,-1.0,-1.0
2292,45,2015,9,-2.0,-1.0,1.0
2293,45,2015,8,-1.0,-1.0,0.0
2314,46,2016,8,0.0,-1.0,-1.0
2322,46,2015,12,3.0,-1.0,-4.0
2323,46,2015,11,2.0,-1.0,-3.0
2324,46,2015,10,2.0,-1.0,-3.0
2325,46,2015,9,2.0,-1.0,-3.0
2326,46,2015,8,0.0,-1.0,-1.0
2398,48,2015,12,-3.0,-1.0,2.0
2399,48,2015,11,-3.0,-1.0,2.0
2400,48,2015,10,-3.0,-1.0,2.0
2401,48,2015,9,-3.0,-1.0,2.0
2402,48,2015,8,-3.0,-1.0,2.0
2460,49,2016,8,-1.0,-2.0,-1.0
2468,49,2015,12,2.0,-1.0,-3.0
2469,49,2015,11,1.0,-1.0,-2.0
2470,49,2015,10,0.0,-1.0,-1.0
2471,49,2015,9,-0.0,-1.0,-1.0
2472,49,2015,8,-1.0,-1.0,0.0
2497,50,2016,8,-3.0,-2.0,1.0
2505,50,2015,12,-3.0,-1.0,2.0
2506,50,2015,11,-3.0,-1.0,2.0
2507,50,2015,10,-3.0,-1.0,2.0
2508,50,2015,9,-3.0,-1.0,2.0
2509,50,2015,8,-2.0,-1.0,1.0
2519,51,2016,8,-1.0,-2.0,-1.0
2527,51,2015,12,19.0,-1.0,-20.0
2528,51,2015,11,5.0,-1.0,-6.0
2529,51,2015,10,3.0,-2.0,-5.0
2530,51,2015,9,2.0,-2.0,-4.0
2531,51,2015,8,1.0,-2.0,-3.0
2540,52,2016,8,8.0,-2.0,-10.0
2547,52,2015,12,8.0,-1.0,-9.0
2548,52,2015,11,6.0,-1.0,-7.0
2549,52,2015,10,5.0,-1.0,-6.0
2550,52,2015,9,5.0,-1.0,-6.0
2551,52,2015,8,5.0,-1.0,-6.0
2641,53,2016,8,6.0,-2.0,-8.0
2649,53,2015,12,6.0,2.0,-4.0
2650,53,2015,11,5.0,2.0,-3.0
2651,53,2015,10,3.0,-2.0,-5.0
2652,53,2015,9,2.0,-2.0,-4.0
2653,53,2015,8,2.0,-2.0,-4.0
2755,54,2016,8,-2.0,-2.0,0.0
2763,54,2015,12,-2.0,-1.0,1.0
2764,54,2015,11,-3.0,-1.0,2.0
2765,54,2015,10,-2.0,-1.0,1.0
2766,54,2015,9,-2.0,-1.0,1.0
2767,54,2015,8,-2.0,-2.0,0.0
2871,56,2016,8,-4.0,-2.0,2.0
2879,56,2015,12,-4.0,-1.0,3.0
2880,56,2015,11,-4.0,-1.0,3.0
2881,56,2015,10,-3.0,-1.0,2.0
2882,56,2015,9,4.0,-1.0,-5.0
2883,56,2015,8,-3.0,-1.0,2.0
2919,57,2016,8,0.0,-1.0,-1.0
2927,57,2015,12,4.0,-1.0,-5.0
2928,57,2015,11,7.0,-1.0,-8.0
2929,57,2015,10,2.0,-1.0,-3.0
2930,57,2015,9,1.0,-1.0,-2.0
2931,57,2015,8,-0.0,-1.0,-1.0
2943,58,2016,8,-3.0,-2.0,1.0
2951,58,2015,12,7.0,-1.0,-8.0
2952,58,2015,11,1.0,-1.0,-2.0
2953,58,2015,10,0.0,-1.0,-1.0
2954,58,2015,9,-2.0,-1.0,1.0
2955,58,2015,8,-4.0,-1.0,3.0
2987,59,2016,8,1.0,-1.0,-2.0
2995,59,2015,12,7.0,-1.0,-8.0
2996,59,2015,11,1.0,-1.0,-2.0
2997,59,2015,10,1.0,-1.0,-2.0
2998,59,2015,9,1.0,-1.0,-2.0
2999,59,2015,8,1.0,-1.0,-2.0
3103,61,2016,8,2.0,-2.0,-4.0
3111,61,2015,12,2.0,-1.0,-3.0
3112,61,2015,11,3.0,-1.0,-4.0
3113,61,2015,10,3.0,-1.0,-4.0
3114,61,2015,9,1.0,-1.0,-2.0
3115,61,2015,8,3.0,-1.0,-4.0
3219,62,2016,8,-3.0,-2.0,1.0
3226,62,2015,12,-3.0,-1.0,2.0
3227,62,2015,11,-3.0,-1.0,2.0
3228,62,2015,10,-3.0,-1.0,2.0
3229,62,2015,9,-3.0,-1.0,2.0
3230,62,2015,8,-3.0,-2.0,1.0
3253,63,2016,8,-1.0,-2.0,-1.0
3261,63,2015,12,-2.0,-1.0,1.0
3262,63,2015,11,-2.0,-1.0,1.0
3263,63,2015,10,-2.0,-1.0,1.0
3264,63,2015,9,-2.0,-1.0,1.0
3265,63,2015,8,-2.0,-2.0,0.0
3285,64,2016,8,-4.0,-2.0,2.0
3293,64,2015,12,-4.0,-1.0,3.0
3294,64,2015,11,-4.0,-1.0,3.0
3295,64,2015,10,-4.0,-1.0,3.0
3296,64,2015,9,-3.0,-1.0,2.0
3297,64,2015,8,-4.0,-1.0,3.0
3401,65,2016,8,-5.0,-2.0,3.0
3409,65,2015,12,2.0,-1.0,-3.0
3410,65,2015,11,-0.0,-1.0,-1.0
3411,65,2015,10,-1.0,-1.0,0.0
3412,65,2015,9,-0.0,-1.0,-1.0
3413,65,2015,8,-2.0,-1.0,1.0
3508,66,2016,8,-3.0,-2.0,1.0
3515,66,2015,12,-2.0,-1.0,1.0
3516,66,2015,11,-0.0,-1.0,-1.0
3517,66,2015,10,-0.0,-1.0,-1.0
3518,66,2015,9,-0.0,-1.0,-1.0
3519,66,2015,8,-2.0,-2.0,0.0
3576,67,2016,8,1.0,-2.0,-3.0
3584,67,2015,12,-3.0,-1.0,2.0
3585,67,2015,11,-3.0,-1.0,2.0
3586,67,2015,10,1.0,-1.0,-2.0
3587,67,2015,9,1.0,-1.0,-2.0
3588,67,2015,8,-1.0,-1.0,0.0
3674,68,2016,8,0.0,-1.0,-1.0
3682,68,2015,12,1.0,-1.0,-2.0
3683,68,2015,11,0.0,-1.0,-1.0
3684,68,2015,10,0.0,-1.0,-1.0
3685,68,2015,9,0.0,-1.0,-1.0
3686,68,2015,8,-0.0,-1.0,-1.0
3790,69,2016,8,6.0,-1.0,-7.0
3798,69,2015,12,-1.0,-1.0,0.0
3799,69,2015,11,-1.0,-1.0,0.0
3800,69,2015,10,-1.0,-1.0,0.0
3801,69,2015,9,-1.0,-1.0,0.0
3802,69,2015,8,-1.0,-1.0,0.0
3822,70,2016,8,-1.0,-2.0,-1.0
3830,70,2015,12,-1.0,-1.0,0.0
3831,70,2015,11,-1.0,-1.0,0.0
3832,70,2015,10,-2.0,-1.0,1.0
3833,70,2015,9,-2.0,-1.0,1.0
3834,70,2015,8,-2.0,-1.0,1.0
3937,71,2016,8,-3.0,-2.0,1.0
3944,71,2015,12,-1.0,-1.0,0.0
3945,71,2015,11,-2.0,-1.0,1.0
3946,71,2015,10,-1.0,-1.0,0.0
3947,71,2015,9,-2.0,-2.0,0.0
3948,71,2015,8,-2.0,-2.0,0.0
3962,72,2016,8,-3.0,-2.0,1.0
3969,72,2015,12,0.0,-1.0,-1.0
3970,72,2015,11,3.0,-1.0,-4.0
3971,72,2015,10,6.0,-1.0,-7.0
3972,72,2015,9,5.0,-1.0,-6.0
3973,72,2015,8,-1.0,-1.0,0.0
3980,73,2016,8,-4.0,-2.0,2.0
3988,73,2015,12,-3.0,-1.0,2.0
3989,73,2015,11,-4.0,-1.0,3.0
3990,73,2015,10,-4.0,-1.0,3.0
3991,73,2015,9,-4.0,-1.0,3.0
3992,73,2015,8,-4.0,-1.0,3.0
4096,74,2016,8,-3.0,-2.0,1.0
4104,74,2015,12,1.0,-1.0,-2.0
4105,74,2015,11,-2.0,-1.0,1.0
4106,74,2015,10,0.0,-1.0,-1.0
4107,74,2015,9,-2.0,-1.0,1.0
4108,74,2015,8,-2.0,-1.0,1.0
4143,75,2016,8,-2.0,-1.0,1.0
4151,75,2015,12,-0.0,-1.0,-1.0
4152,75,2015,11,1.0,-1.0,-2.0
4153,75,2015,10,1.0,-1.0,-2.0
4154,75,2015,9,0.0,-1.0,-1.0
4155,75,2015,8,-1.0,-1.0,0.0
4221,76,2016,8,-5.0,-2.0,3.0
4228,76,2015,12,-5.0,-1.0,4.0
4229,76,2015,11,-5.0,-1.0,4.0
4230,76,2015,10,-5.0,-1.0,4.0
4231,76,2015,9,-5.0,-1.0,4.0
4232,76,2015,8,-5.0,-1.0,4.0
4321,77,2016,8,-0.0,-2.0,-2.0
4329,77,2015,12,7.0,-1.0,-8.0
4330,77,2015,11,5.0,-1.0,-6.0
4331,77,2015,10,4.0,-1.0,-5.0
4332,77,2015,9,3.0,-1.0,-4.0
4333,77,2015,8,0.0,-1.0,-1.0
4342,78,2016,8,-2.0,-1.0,1.0
4350,78,2015,12,-1.0,-1.0,0.0
4351,78,2015,11,-0.0,-1.0,-1.0
4352,78,2015,10,0.0,-1.0,-1.0
4353,78,2015,9,0.0,-1.0,-1.0
4354,78,2015,8,-1.0,-1.0,0.0
4468,80,2015,11,-1.0,-1.0,0.0
4469,80,2015,10,-1.0,-1.0,0.0
4470,80,2015,9,-1.0,-1.0,0.0
4471,80,2015,8,-1.0,-1.0,0.0
4534,81,2016,8,4.0,-1.0,-5.0
4542,81,2015,12,3.0,-1.0,-4.0
4543,81,2015,11,3.0,-1.0,-4.0
4544,81,2015,10,2.0,-1.0,-3.0
4545,81,2015,9,2.0,-1.0,-3.0
4546,81,2015,8,1.0,-1.0,-2.0
4564,82,2016,8,-2.0,-2.0,0.0
4572,82,2015,12,-2.0,-1.0,1.0
4573,82,2015,11,-2.0,-1.0,1.0
4574,82,2015,10,-2.0,-1.0,1.0
4575,82,2015,9,-2.0,-1.0,1.0
4576,82,2015,8,-3.0,-1.0,2.0
4657,83,2016,8,-3.0,-1.0,2.0
4665,83,2015,12,3.0,-1.0,-4.0
4666,83,2015,11,1.0,-1.0,-2.0
4667,83,2015,10,-3.0,-1.0,2.0
4668,83,2015,9,2.0,-1.0,-3.0
4669,83,2015,8,3.0,-1.0,-4.0
4679,84,2016,8,-1.0,-2.0,-1.0
4687,84,2015,12,3.0,-1.0,-4.0
4688,84,2015,11,3.0,-1.0,-4.0
4689,84,2015,10,2.0,-1.0,-3.0
4690,84,2015,9,-0.0,-1.0,-1.0
4691,84,2015,8,-2.0,-1.0,1.0
4742,86,2016,8,-3.0,-2.0,1.0
4750,86,2015,12,6.0,-1.0,-7.0
4751,86,2015,11,2.0,-1.0,-3.0
4752,86,2015,10,1.0,-1.0,-2.0
4753,86,2015,9,0.0,-1.0,-1.0
4754,86,2015,8,-2.0,-1.0,1.0
4815,87,2016,8,-2.0,-2.0,0.0
4823,87,2015,12,-2.0,-1.0,1.0
4824,87,2015,11,2.0,-1.0,-3.0
4825,87,2015,10,0.0,-1.0,-1.0
4826,87,2015,9,1.0,-1.0,-2.0
4827,87,2015,8,-2.0,-1.0,1.0
4855,88,2016,8,-3.0,-2.0,1.0
4863,88,2015,12,-3.0,-1.0,2.0
4864,88,2015,11,-3.0,-1.0,2.0
4865,88,2015,10,-3.0,-2.0,1.0
4866,88,2015,9,-3.0,-2.0,1.0
4867,88,2015,8,-2.0,-2.0,0.0
4907,89,2016,8,-2.0,-1.0,1.0
4915,89,2015,12,-1.0,-1.0,0.0
4916,89,2015,11,-2.0,-1.0,1.0
4917,89,2015,10,-2.0,-1.0,1.0
4918,89,2015,9,-3.0,-1.0,2.0
4919,89,2015,8,-3.0,-1.0,2.0
5018,91,2016,8,-1.0,-1.0,0.0
5026,91,2015,12,3.0,-1.0,-4.0
5027,91,2015,11,3.0,-1.0,-4.0
5028,91,2015,10,3.0,-1.0,-4.0
5029,91,2015,9,3.0,-1.0,-4.0
5030,91,2015,8,3.0,-1.0,-4.0
5035,93,2016,8,4.0,-2.0,-6.0
5043,93,2015,12,4.0,-1.0,-5.0
5044,93,2015,11,4.0,-1.0,-5.0
5045,93,2015,10,3.0,-1.0,-4.0
5046,93,2015,9,1.0,-1.0,-2.0
5047,93,2015,8,0.0,-1.0,-1.0
5079,94,2016,8,-4.0,-2.0,2.0
5087,94,2015,12,-2.0,-1.0,1.0
5088,94,2015,11,-3.0,-1.0,2.0
5089,94,2015,10,-4.0,-1.0,3.0
5090,94,2015,9,-4.0,-1.0,3.0
5091,94,2015,8,-4.0,-1.0,3.0
5123,95,2016,8,1.0,-2.0,-3.0
5131,95,2015,12,6.0,-1.0,-7.0
5132,95,2015,11,4.0,-1.0,-5.0
5133,95,2015,10,4.0,-1.0,-5.0
5134,95,2015,9,2.0,-1.0,-3.0
5135,95,2015,8,1.0,-1.0,-2.0
5149,96,2016,8,-2.0,-2.0,0.0
5157,96,2015,12,7.0,-1.0,-8.0
5158,96,2015,11,3.0,-1.0,-4.0
5159,96,2015,10,0.0,-1.0,-1.0
5160,96,2015,9,-1.0,-1.0,0.0
5161,96,2015,8,-2.0,-1.0,1.0
5171,97,2016,8,-2.0,-2.0,0.0
5178,97,2015,12,-2.0,-1.0,1.0
5179,97,2015,11,-2.0,-1.0,1.0
5180,97,2015,10,-1.0,-1.0,0.0
5181,97,2015,9,-2.0,-1.0,1.0
5182,97,2015,8,-2.0,-1.0,1.0
5286,100,2016,8,-4.0,-2.0,2.0
5294,100,2015,12,4.0,-1.0,-5.0
5295,100,2015,11,-3.0,-1.0,2.0
5296,100,2015,10,-1.0,-1.0,0.0
5297,100,2015,9,-1.0,-1.0,0.0
5298,100,2015,8,-3.0,-1.0,2.0
5327,101,2016,8,7.0,-1.0,-8.0
5335,101,2015,12,12.0,-1.0,-13.0
5336,101,2015,11,10.0,-1.0,-11.0
5337,101,2015,10,7.0,-1.0,-8.0
5338,101,2015,9,14.0,-1.0,-15.0
5339,101,2015,8,14.0,-1.0,-15.0
5385,103,2016,8,-3.0,-2.0,1.0
5393,103,2015,12,-2.0,-1.0,1.0
5394,103,2015,11,-3.0,-1.0,2.0
5395,103,2015,10,-3.0,-1.0,2.0
5396,103,2015,9,-3.0,-1.0,2.0
5397,103,2015,8,-3.0,-2.0,1.0
5429,104,2016,8,1.0,-2.0,-3.0
5437,104,2015,12,2.0,-1.0,-3.0
5438,104,2015,11,0.0,-1.0,-1.0
5439,104,2015,10,2.0,-1.0,-3.0
5440,104,2015,9,-1.0,-1.0,0.0
5441,104,2015,8,-3.0,-1.0,2.0
5454,106,2016,8,-2.0,-1.0,1.0
5462,106,2015,12,3.0,-1.0,-4.0
5463,106,2015,11,4.0,-1.0,-5.0
5464,106,2015,10,4.0,-1.0,-5.0
5465,106,2015,9,2.0,-1.0,-3.0
5466,106,2015,8,2.0,-1.0,-3.0
5587,108,2016,8,3.0,-2.0,-5.0
5595,108,2015,12,4.0,-1.0,-5.0
5596,108,2015,11,3.0,-1.0,-4.0
5597,108,2015,10,2.0,-1.0,-3.0
5598,108,2015,9,3.0,-2.0,-5.0
5599,108,2015,8,1.0,-2.0,-3.0
5629,109,2016,8,-2.0,-2.0,0.0
5637,109,2015,12,-2.0,-1.0,1.0
5638,109,2015,11,-2.0,-1.0,1.0
5639,109,2015,10,-2.0,-1.0,1.0
5640,109,2015,9,-2.0,-2.0,0.0
5641,109,2015,8,-2.0,-2.0,0.0
5710,110,2015,12,-2.0,-1.0,1.0
5711,110,2015,11,-2.0,-1.0,1.0
5712,110,2015,9,-2.0,-1.0,1.0
5713,110,2015,8,-2.0,-1.0,1.0
5808,112,2015,12,-3.0,-1.0,2.0
5809,112,2015,11,-2.0,-1.0,1.0
5810,112,2015,10,-3.0,-1.0,2.0
5811,112,2015,9,-3.0,-1.0,2.0
5812,112,2015,8,-3.0,-1.0,2.0
5881,114,2016,8,-2.0,-2.0,0.0
5889,114,2015,12,1.0,-1.0,-2.0
5890,114,2015,11,-3.0,-2.0,1.0
5891,114,2015,10,-2.0,-2.0,0.0
5892,114,2015,9,-0.0,-2.0,-2.0
5893,114,2015,8,-2.0,-2.0,0.0
5950,116,2016,8,3.0,-1.0,-4.0
5957,116,2015,12,5.0,-1.0,-6.0
5958,116,2015,11,4.0,-1.0,-5.0
5959,116,2015,10,4.0,-1.0,-5.0
5960,116,2015,9,2.0,-1.0,-3.0
5961,116,2015,8,-2.0,-1.0,1.0
6061,117,2016,8,-2.0,-2.0,0.0
6069,117,2015,12,5.0,-1.0,-6.0
6070,117,2015,11,3.0,-1.0,-4.0
6071,117,2015,10,2.0,-1.0,-3.0
6072,117,2015,9,2.0,-1.0,-3.0
6073,117,2015,8,-1.0,-1.0,0.0
6118,119,2016,8,-2.0,-2.0,0.0
6126,119,2015,12,-3.0,-1.0,2.0
6127,119,2015,11,-2.0,-1.0,1.0
6128,119,2015,10,-2.0,-1.0,1.0
6129,119,2015,9,-1.0,-1.0,0.0
6130,119,2015,8,-2.0,-1.0,1.0
6181,120,2015,12,-1.0,-1.0,0.0
6182,120,2015,10,-2.0,-1.0,1.0
6183,120,2015,9,-2.0,-1.0,1.0
6184,120,2015,8,-1.0,-1.0,0.0
6224,121,2016,8,0.0,-2.0,-2.0
6232,121,2015,12,2.0,-1.0,-3.0
6233,121,2015,11,2.0,-1.0,-3.0
6234,121,2015,10,1.0,-1.0,-2.0
6235,121,2015,9,1.0,-1.0,-2.0
6236,121,2015,8,0.0,-1.0,-1.0
6341,122,2015,8,-4.0,-1.0,3.0
6441,123,2015,11,-3.0,-1.0,2.0
6442,123,2015,10,-2.0,-1.0,1.0
6443,123,2015,9,-2.0,-1.0,1.0
6494,124,2016,8,-0.0,-2.0,-2.0
6502,124,2015,12,3.0,-1.0,-4.0
6503,124,2015,11,3.0,-1.0,-4.0
6504,124,2015,10,3.0,-1.0,-4.0
6505,124,2015,9,4.0,-1.0,-5.0
6506,124,2015,8,3.0,-1.0,-4.0
6671,126,2015,12,-5.0,-1.0,4.0
6672,126,2015,11,-1.0,-1.0,0.0
6673,126,2015,10,-0.0,-2.0,-2.0
6674,126,2015,9,0.0,-2.0,-2.0
6675,126,2015,8,-2.0,-2.0,0.0
6715,127,2015,12,-2.0,-1.0,1.0
6716,127,2015,11,-1.0,-1.0,0.0
6717,127,2015,10,-1.0,-2.0,-1.0
6718,127,2015,9,-1.0,-2.0,-1.0
6719,127,2015,8,-1.0,-2.0,-1.0
6795,130,2016,8,5.0,-1.0,-6.0
6803,130,2015,11,-2.0,-1.0,1.0
6804,130,2015,10,-1.0,-1.0,0.0
6805,130,2015,9,-2.0,-1.0,1.0
6806,130,2015,8,-2.0,-1.0,1.0
6846,131,2016,8,1.0,-2.0,-3.0
6854,131,2015,12,1.0,2.0,1.0
6855,131,2015,11,4.0,2.0,-2.0
6856,131,2015,10,2.0,2.0,0.0
6857,131,2015,9,2.0,-2.0,-4.0
6858,131,2015,8,1.0,-2.0,-3.0
6962,132,2016,8,3.0,-2.0,-5.0
6970,132,2015,12,6.0,-1.0,-7.0
6971,132,2015,11,3.0,-1.0,-4.0
6972,132,2015,10,-1.0,-1.0,0.0
6973,132,2015,9,-1.0,-1.0,0.0
6974,132,2015,8,2.0,-1.0,-3.0
7078,133,2016,8,1.0,-1.0,-2.0
7086,133,2015,12,6.0,-1.0,-7.0
7087,133,2015,11,5.0,-1.0,-6.0
7088,133,2015,10,3.0,-1.0,-4.0
7089,133,2015,9,2.0,-1.0,-3.0
7090,133,2015,8,1.0,-1.0,-2.0
7130,134,2016,8,-6.0,-1.0,5.0
7138,134,2015,12,-1.0,-1.0,0.0
7139,134,2015,11,0.0,-1.0,-1.0
7140,134,2015,10,-1.0,-1.0,0.0
7141,134,2015,9,-2.0,-1.0,1.0
7142,134,2015,8,2.0,-1.0,-3.0
7194,135,2016,8,3.0,-1.0,-4.0
7202,135,2015,12,3.0,-1.0,-4.0
7203,135,2015,11,-2.0,-1.0,1.0
7204,135,2015,10,-1.0,-1.0,0.0
7205,135,2015,9,1.0,-1.0,-2.0
7206,135,2015,8,-1.0,-1.0,0.0
7241,136,2016,8,-1.0,-2.0,-1.0
7248,136,2015,12,7.0,-1.0,-8.0
7249,136,2015,11,-0.0,-1.0,-1.0
7250,136,2015,10,-3.0,-1.0,2.0
7251,136,2015,8,-0.0,-2.0,-2.0
7259,137,2016,8,-4.0,-1.0,3.0
7267,137,2015,12,6.0,-1.0,-7.0
7268,137,2015,11,-0.0,-1.0,-1.0
7269,137,2015,10,-2.0,-1.0,1.0
7270,137,2015,9,-0.0,-1.0,-1.0
7271,137,2015,8,-0.0,-1.0,-1.0
7284,138,2015,12,-3.0,-1.0,2.0
7285,138,2015,9,-3.0,-1.0,2.0
7286,138,2015,8,-3.0,-2.0,1.0
7351,139,2016,8,-5.0,-2.0,3.0
7358,139,2015,12,1.0,-1.0,-2.0
7359,139,2015,11,0.0,-1.0,-1.0
7360,139,2015,10,-2.0,-1.0,1.0
7361,139,2015,9,-2.0,-1.0,1.0
7362,139,2015,8,-3.0,-1.0,2.0
7425,140,2016,8,-4.0,-2.0,2.0
7433,140,2015,12,-3.0,-1.0,2.0
7434,140,2015,11,-3.0,-1.0,2.0
7435,140,2015,10,-4.0,-1.0,3.0
7436,140,2015,9,-4.0,-1.0,3.0
7437,140,2015,8,-4.0,-2.0,2.0
7534,143,2016,8,1.0,-1.0,-2.0
7542,143,2015,12,2.0,-1.0,-3.0
7543,143,2015,11,5.0,-1.0,-6.0
7544,143,2015,10,1.0,-1.0,-2.0
7545,143,2015,9,1.0,-1.0,-2.0
7546,143,2015,8,-0.0,-1.0,-1.0
7556,144,2015,10,-2.0,-2.0,0.0
7573,145,2015,12,-5.0,-1.0,4.0
7574,145,2015,10,-4.0,-1.0,3.0
7575,145,2015,9,0.0,-1.0,-1.0
7576,145,2015,8,-3.0,-1.0,2.0
7644,146,2016,8,-2.0,-2.0,0.0
7652,146,2015,12,0.0,-1.0,-1.0
7653,146,2015,11,-1.0,-1.0,0.0
7654,146,2015,10,-1.0,-1.0,0.0
7655,146,2015,9,2.0,-1.0,-3.0
7656,146,2015,8,-2.0,-1.0,1.0
7728,149,2016,8,-5.0,-2.0,3.0
7736,149,2015,12,-3.0,-1.0,2.0
7737,149,2015,11,-3.0,-1.0,2.0
7738,149,2015,10,-4.0,-2.0,2.0
7739,149,2015,9,-3.0,-2.0,1.0
7740,149,2015,8,-2.0,-2.0,0.0
7784,150,2016,8,-4.0,-1.0,3.0
7792,150,2015,12,-4.0,-1.0,3.0
7793,150,2015,11,-4.0,-1.0,3.0
7794,150,2015,10,-4.0,-1.0,3.0
7795,150,2015,9,-4.0,-1.0,3.0
7796,150,2015,8,-4.0,-1.0,3.0
7892,151,2016,8,-2.0,-2.0,0.0
7899,151,2015,12,-1.0,-1.0,0.0
7900,151,2015,11,-2.0,-1.0,1.0
7901,151,2015,10,-2.0,-1.0,1.0
7902,151,2015,9,-2.0,-1.0,1.0
7903,151,2015,8,-2.0,-1.0,1.0
8007,152,2016,8,10.0,-2.0,-12.0
8015,152,2015,12,2.0,-1.0,-3.0
8016,152,2015,11,0.0,-1.0,-1.0
8017,152,2015,10,-2.0,-1.0,1.0
8018,152,2015,9,-1.0,-2.0,-1.0
8019,152,2015,8,-1.0,-2.0,-1.0
8205,155,2016,8,-1.0,-2.0,-1.0
8213,155,2015,12,1.0,-1.0,-2.0
8214,155,2015,11,-2.0,-1.0,1.0
8215,155,2015,10,-2.0,-1.0,1.0
8216,155,2015,9,-3.0,-1.0,2.0
8217,155,2015,8,-1.0,-1.0,0.0
8259,159,2016,8,2.0,-1.0,-3.0
8266,159,2015,12,1.0,-1.0,-2.0
8267,159,2015,11,1.0,-1.0,-2.0
8268,159,2015,10,-0.0,-1.0,-1.0
8269,159,2015,9,2.0,-1.0,-3.0
8270,159,2015,8,2.0,-1.0,-3.0
8381,160,2015,12,3.0,-1.0,-4.0
8382,160,2015,11,2.0,-1.0,-3.0
8383,160,2015,10,1.0,-1.0,-2.0
8384,160,2015,9,6.0,-1.0,-7.0
8385,160,2015,8,-1.0,-1.0,0.0
8398,161,2016,8,0.0,-1.0,-1.0
8406,161,2015,12,-4.0,-1.0,3.0
8407,161,2015,11,-1.0,-1.0,0.0
8408,161,2015,10,-0.0,-1.0,-1.0
8409,161,2015,9,1.0,-1.0,-2.0
8410,161,2015,8,-0.0,-1.0,-1.0
8436,163,2016,8,-1.0,-2.0,-1.0
8444,163,2015,11,-3.0,-1.0,2.0
8445,163,2015,10,-3.0,-1.0,2.0
8446,163,2015,9,-3.0,-1.0,2.0
8447,163,2015,8,-3.0,-1.0,2.0
8533,164,2016,8,4.0,-1.0,-5.0
8541,164,2015,12,4.0,-1.0,-5.0
8542,164,2015,11,5.0,-1.0,-6.0
8543,164,2015,10,5.0,-1.0,-6.0
8544,164,2015,9,3.0,-1.0,-4.0
8545,164,2015,8,2.0,-1.0,-3.0
8649,165,2016,8,-4.0,-2.0,2.0
8657,165,2015,12,-4.0,-1.0,3.0
8658,165,2015,11,-4.0,-1.0,3.0
8659,165,2015,10,-4.0,-1.0,3.0
8660,165,2015,9,-4.0,-1.0,3.0
8661,165,2015,8,-4.0,-1.0,3.0
8685,166,2016,8,-2.0,-1.0,1.0
8693,166,2015,12,0.0,-1.0,-1.0
8694,166,2015,11,1.0,-1.0,-2.0
8695,166,2015,10,0.0,-1.0,-1.0
8696,166,2015,9,1.0,-1.0,-2.0
8697,166,2015,8,-1.0,-1.0,0.0
8705,167,2015,12,-4.0,-1.0,3.0
8706,167,2015,11,-4.0,-1.0,3.0
8707,167,2015,10,-4.0,-1.0,3.0
8708,167,2015,9,-4.0,-1.0,3.0
8709,167,2015,8,-6.0,-1.0,5.0
8787,168,2016,8,-3.0,-1.0,2.0
8795,168,2015,12,2.0,-1.0,-3.0
8796,168,2015,11,1.0,-1.0,-2.0
8797,168,2015,10,0.0,-1.0,-1.0
8798,168,2015,9,-4.0,-1.0,3.0
8799,168,2015,8,-4.0,-1.0,3.0
8852,169,2016,8,1.0,-1.0,-2.0
8860,169,2015,12,8.0,-1.0,-9.0
8861,169,2015,11,1.0,-1.0,-2.0
8862,169,2015,10,-0.0,-1.0,-1.0
8863,169,2015,9,-1.0,-1.0,0.0
8864,169,2015,8,-2.0,-1.0,1.0
8877,170,2016,8,1.0,-2.0,-3.0
8885,170,2015,12,9.0,-1.0,-10.0
8886,170,2015,11,3.0,-1.0,-4.0
8887,170,2015,10,3.0,-1.0,-4.0
8888,170,2015,9,-2.0,-1.0,1.0
8889,170,2015,8,-4.0,-1.0,3.0
8925,172,2016,8,-4.0,-1.0,3.0
8933,172,2015,12,-1.0,-1.0,0.0
8934,172,2015,11,-1.0,-1.0,0.0
8935,172,2015,10,-0.0,-1.0,-1.0
8936,172,2015,9,0.0,-1.0,-1.0
8937,172,2015,8,-3.0,-1.0,2.0
8986,173,2016,8,-4.0,-2.0,2.0
8994,173,2015,12,-2.0,-1.0,1.0
8995,173,2015,11,-2.0,-1.0,1.0
8996,173,2015,10,-2.0,-1.0,1.0
8997,173,2015,9,-2.0,-1.0,1.0
8998,173,2015,8,-2.0,-1.0,1.0
9101,174,2016,8,3.0,-2.0,-5.0
9108,174,2015,12,6.0,-1.0,-7.0
9109,174,2015,11,6.0,-1.0,-7.0
9110,174,2015,10,7.0,-1.0,-8.0
9111,174,2015,9,5.0,-1.0,-6.0
9112,174,2015,8,2.0,-2.0,-4.0
9216,175,2016,8,-1.0,-2.0,-1.0
9223,175,2015,12,7.0,-1.0,-8.0
9224,175,2015,11,4.0,-1.0,-5.0
9225,175,2015,10,2.0,-1.0,-3.0
9226,175,2015,9,1.0,-1.0,-2.0
9227,175,2015,8,-2.0,-1.0,1.0
9244,176,2016,8,2.0,-2.0,-4.0
9252,176,2015,12,1.0,-1.0,-2.0
9253,176,2015,11,1.0,-1.0,-2.0
9254,176,2015,10,5.0,-1.0,-6.0
9255,176,2015,9,9.0,-1.0,-10.0
9256,176,2015,8,0.0,-1.0,-1.0
9260,178,2016,8,-2.0,-1.0,1.0
9268,178,2015,12,-3.0,-1.0,2.0
9269,178,2015,11,-3.0,-1.0,2.0
9270,178,2015,10,-2.0,-1.0,1.0
9271,178,2015,9,0.0,-1.0,-1.0
9272,178,2015,8,-3.0,-1.0,2.0
9359,181,2016,8,-2.0,-2.0,0.0
9366,181,2015,12,-1.0,-1.0,0.0
9367,181,2015,11,-0.0,-1.0,-1.0
9368,181,2015,10,1.0,-1.0,-2.0
9369,181,2015,9,-0.0,-1.0,-1.0
9370,181,2015,8,-4.0,-1.0,3.0
9394,182,2016,8,4.0,-2.0,-6.0
9402,182,2015,12,1.0,-1.0,-2.0
9403,182,2015,11,1.0,-1.0,-2.0
9404,182,2015,10,1.0,-1.0,-2.0
9405,182,2015,9,1.0,-1.0,-2.0
9406,182,2015,8,1.0,-1.0,-2.0
9438,184,2016,8,-1.0,-2.0,-1.0
9446,184,2015,12,-2.0,-1.0,1.0
9447,184,2015,11,-2.0,-1.0,1.0
9448,184,2015,10,-3.0,-1.0,2.0
9449,184,2015,9,-3.0,-1.0,2.0
9450,184,2015,8,-2.0,-1.0,1.0
9496,185,2016,8,-2.0,-1.0,1.0
9504,185,2015,12,-0.0,-1.0,-1.0
9505,185,2015,11,1.0,-1.0,-2.0
9506,185,2015,10,-0.0,-1.0,-1.0
9507,185,2015,9,-0.0,-1.0,-1.0
9508,185,2015,8,-1.0,-1.0,0.0
9596,188,2016,8,3.0,-2.0,-5.0
9604,188,2015,12,5.0,-1.0,-6.0
9605,188,2015,11,5.0,-1.0,-6.0
9606,188,2015,10,3.0,-1.0,-4.0
9607,188,2015,9,2.0,-1.0,-3.0
9608,188,2015,8,-0.0,-1.0,-1.0
9709,189,2015,12,-5.0,-1.0,4.0
9710,189,2015,11,-5.0,-1.0,4.0
9711,189,2015,10,-5.0,-1.0,4.0
9712,189,2015,9,-5.0,-1.0,4.0
9713,189,2015,8,-6.0,-1.0,5.0
9791,190,2016,8,-4.0,-2.0,2.0
9798,190,2015,12,-4.0,-1.0,3.0
9799,190,2015,11,-2.0,-1.0,1.0
9800,190,2015,10,-2.0,-1.0,1.0
9801,190,2015,9,-3.0,-2.0,1.0
9802,190,2015,8,-3.0,-2.0,1.0
9895,191,2016,8,-4.0,-2.0,2.0
9903,191,2015,12,-2.0,-1.0,1.0
9904,191,2015,11,-0.0,-1.0,-1.0
9905,191,2015,10,1.0,-1.0,-2.0
9906,191,2015,9,1.0,-1.0,-2.0
9907,191,2015,8,-1.0,-1.0,0.0
9969,192,2016,8,-1.0,-2.0,-1.0
9977,192,2015,12,-1.0,-1.0,0.0
9978,192,2015,11,-0.0,-1.0,-1.0
9979,192,2015,10,-0.0,-2.0,-2.0
9980,192,2015,9,-1.0,-2.0,-1.0
9981,192,2015,8,-2.0,-2.0,0.0
10014,193,2016,8,3.0,-2.0,-5.0
10022,193,2015,12,0.0,-1.0,-1.0
10023,193,2015,11,2.0,-1.0,-3.0
10024,193,2015,10,1.0,-1.0,-2.0
10025,193,2015,9,1.0,-1.0,-2.0
10026,193,2015,8,-1.0,-1.0,0.0
10042,195,2016,8,-3.0,-2.0,1.0
10049,195,2015,12,-3.0,-1.0,2.0
10050,195,2015,11,-4.0,-2.0,2.0
10051,195,2015,10,-3.0,-2.0,1.0
10052,195,2015,9,-2.0,-2.0,0.0
10053,195,2015,8,-3.0,-2.0,1.0
10078,196,2015,10,-3.0,-1.0,2.0
10149,198,2016,8,-5.0,-2.0,3.0
10157,198,2015,12,-3.0,-1.0,2.0
10158,198,2015,11,0.0,-1.0,-1.0
10159,198,2015,10,-2.0,-1.0,1.0
10160,198,2015,9,-2.0,-1.0,1.0
10161,198,2015,8,-0.0,-1.0,-1.0
10182,200,2016,8,-2.0,-2.0,0.0
10190,200,2015,12,1.0,-1.0,-2.0
10191,200,2015,11,1.0,-1.0,-2.0
10192,200,2015,10,3.0,-1.0,-4.0
10193,200,2015,9,3.0,-1.0,-4.0
10194,200,2015,8,3.0,-1.0,-4.0
10224,201,2016,8,-3.0,-2.0,1.0
10231,201,2015,12,-1.0,-1.0,0.0
10232,201,2015,11,-4.0,-1.0,3.0
10233,201,2015,10,-3.0,-2.0,1.0
10234,201,2015,9,-2.0,-2.0,0.0
10235,201,2015,8,-1.0,-2.0,-1.0
10243,202,2016,8,-2.0,-2.0,0.0
10251,202,2015,12,1.0,-1.0,-2.0
10252,202,2015,11,2.0,-1.0,-3.0
10253,202,2015,10,2.0,-1.0,-3.0
10254,202,2015,9,3.0,-1.0,-4.0
10255,202,2015,8,-1.0,-1.0,0.0
10356,205,2016,8,0.0,-2.0,-2.0
10363,205,2015,12,4.0,-1.0,-5.0
10364,205,2015,11,3.0,-1.0,-4.0
10365,205,2015,10,1.0,-1.0,-2.0
10366,205,2015,9,1.0,-1.0,-2.0
10367,205,2015,8,-0.0,-1.0,-1.0
10463,207,2016,8,7.0,-1.0,-8.0
10471,207,2015,12,1.0,-1.0,-2.0
10472,207,2015,11,0.0,-1.0,-1.0
10473,207,2015,10,0.0,-1.0,-1.0
10474,207,2015,9,-1.0,-1.0,0.0
10475,207,2015,8,-6.0,-1.0,5.0
10535,210,2016,8,2.0,-2.0,-4.0
10543,210,2015,12,2.0,-1.0,-3.0
10544,210,2015,11,3.0,-1.0,-4.0
10545,210,2015,10,3.0,-1.0,-4.0
10546,210,2015,9,3.0,-1.0,-4.0
10547,210,2015,8,3.0,-1.0,-4.0
10583,211,2016,8,-0.0,-2.0,-2.0
10591,211,2015,12,5.0,-1.0,-6.0
10592,211,2015,11,2.0,-1.0,-3.0
10593,211,2015,10,2.0,-1.0,-3.0
10594,211,2015,9,2.0,-1.0,-3.0
10595,211,2015,8,1.0,-1.0,-2.0
10686,212,2016,8,-3.0,-2.0,1.0
10694,212,2015,12,-3.0,-1.0,2.0
10695,212,2015,11,-3.0,-1.0,2.0
10696,212,2015,10,-3.0,-1.0,2.0
10697,212,2015,9,-3.0,-1.0,2.0
10698,212,2015,8,-3.0,-1.0,2.0
10796,216,2016,8,-2.0,-2.0,0.0
10804,216,2015,12,6.0,-1.0,-7.0
10805,216,2015,11,6.0,-1.0,-7.0
10806,216,2015,10,4.0,-1.0,-5.0
10807,216,2015,9,2.0,-2.0,-4.0
10808,216,2015,8,0.0,-2.0,-2.0
11008,219,2015,12,-1.0,-1.0,0.0
11009,219,2015,11,-2.0,-1.0,1.0
11010,219,2015,10,-2.0,-1.0,1.0
11011,219,2015,9,-1.0,-1.0,0.0
11012,219,2015,8,0.0,-1.0,-1.0
11040,221,2016,8,-4.0,-2.0,2.0
11048,221,2015,12,-3.0,-1.0,2.0
11049,221,2015,11,-3.0,-1.0,2.0
11050,221,2015,10,-3.0,-1.0,2.0
11051,221,2015,9,-3.0,-2.0,1.0
11052,221,2015,8,-4.0,-2.0,2.0
11156,222,2016,8,0.0,-1.0,-1.0
11164,222,2015,12,1.0,-1.0,-2.0
11165,222,2015,11,1.0,-1.0,-2.0
11166,222,2015,10,0.0,-1.0,-1.0
11167,222,2015,9,-1.0,-1.0,0.0
11168,222,2015,8,-1.0,-1.0,0.0
11272,223,2016,8,-2.0,-2.0,0.0
11280,223,2015,12,5.0,-1.0,-6.0
11281,223,2015,11,-1.0,-1.0,0.0
11282,223,2015,10,0.0,-1.0,-1.0
11283,223,2015,9,0.0,-1.0,-1.0
11284,223,2015,8,-1.0,-1.0,0.0
11311,224,2016,8,5.0,-2.0,-7.0
11319,224,2015,12,3.0,2.0,-1.0
11320,224,2015,11,4.0,-2.0,-6.0
11321,224,2015,10,4.0,-2.0,-6.0
11322,224,2015,9,6.0,-2.0,-8.0
11323,224,2015,8,7.0,-2.0,-9.0
11367,225,2016,8,-3.0,-2.0,1.0
11375,225,2015,12,-1.0,-1.0,0.0
11376,225,2015,11,-3.0,-1.0,2.0
11377,225,2015,10,-2.0,-1.0,1.0
11378,225,2015,9,-2.0,-1.0,1.0
11379,225,2015,8,-2.0,-1.0,1.0
11389,226,2016,8,-4.0,-1.0,3.0
11391,226,2015,12,-4.0,-1.0,3.0
11431,227,2016,8,-0.0,-2.0,-2.0
11438,227,2015,12,2.0,-1.0,-3.0
11439,227,2015,11,0.0,-1.0,-1.0
11440,227,2015,10,-1.0,-1.0,0.0
11441,227,2015,9,-2.0,-1.0,1.0
11442,227,2015,8,-4.0,-1.0,3.0
11473,228,2016,8,3.0,-2.0,-5.0
11481,228,2015,12,1.0,-1.0,-2.0
11482,228,2015,11,2.0,-1.0,-3.0
11483,228,2015,10,1.0,-1.0,-2.0
11484,228,2015,9,0.0,-1.0,-1.0
11485,228,2015,8,-1.0,-1.0,0.0
11490,229,2016,8,-1.0,-2.0,-1.0
11498,229,2015,12,-3.0,-1.0,2.0
11499,229,2015,11,-2.0,-1.0,1.0
11500,229,2015,10,-2.0,-1.0,1.0
11501,229,2015,9,-3.0,-1.0,2.0
11502,229,2015,8,-3.0,-1.0,2.0
11565,230,2016,8,0.0,-2.0,-2.0
11573,230,2015,12,0.0,-1.0,-1.0
11574,230,2015,11,2.0,-1.0,-3.0
11575,230,2015,10,-1.0,-2.0,-1.0
11576,230,2015,9,-2.0,-2.0,0.0
11577,230,2015,8,-2.0,-2.0,0.0
11596,231,2015,12,-2.0,-1.0,1.0
11674,232,2016,8,0.0,-1.0,-1.0
11682,232,2015,12,1.0,-1.0,-2.0
11683,232,2015,11,2.0,-1.0,-3.0
11684,232,2015,10,2.0,-1.0,-3.0
11685,232,2015,9,2.0,-1.0,-3.0
11686,232,2015,8,1.0,-1.0,-2.0
11785,233,2016,8,-2.0,-2.0,0.0
11789,233,2015,12,-2.0,-1.0,1.0
11790,233,2015,11,-1.0,-1.0,0.0
11791,233,2015,10,-1.0,-1.0,0.0
11792,233,2015,9,-1.0,-2.0,-1.0
11793,233,2015,8,-2.0,-2.0,0.0
11810,234,2016,8,6.0,-2.0,-8.0
11818,234,2015,12,1.0,-1.0,-2.0
11819,234,2015,11,4.0,-1.0,-5.0
11820,234,2015,10,-0.0,-1.0,-1.0
11821,234,2015,9,-1.0,-1.0,0.0
11822,234,2015,8,-1.0,-1.0,0.0
11926,235,2016,8,-3.0,-1.0,2.0
11934,235,2015,12,3.0,-1.0,-4.0
11935,235,2015,11,2.0,-1.0,-3.0
11936,235,2015,10,1.0,-1.0,-2.0
11937,235,2015,9,-1.0,-1.0,0.0
11938,235,2015,8,-2.0,-1.0,1.0
11967,236,2015,12,-3.0,-1.0,2.0
11968,236,2015,11,-3.0,-1.0,2.0
11969,236,2015,10,-2.0,-1.0,1.0
11970,236,2015,9,-3.0,-1.0,2.0
11971,236,2015,8,-3.0,-1.0,2.0
12093,238,2015,8,-1.0,-2.0,-1.0
12136,239,2016,8,-1.0,-1.0,0.0
12144,239,2015,12,0.0,-1.0,-1.0
12145,239,2015,11,-2.0,-1.0,1.0
12146,239,2015,10,-1.0,-1.0,0.0
12147,239,2015,9,-1.0,-1.0,0.0
12148,239,2015,8,-2.0,-1.0,1.0
12209,240,2015,10,-0.0,-1.0,-1.0
12255,241,2016,8,-3.0,-2.0,1.0
12262,241,2015,12,-2.0,-1.0,1.0
12263,241,2015,11,-3.0,-1.0,2.0
12264,241,2015,10,-3.0,-1.0,2.0
12265,241,2015,9,-3.0,-1.0,2.0
12266,241,2015,8,-3.0,-1.0,2.0
12379,244,2015,11,-4.0,-1.0,3.0
12380,244,2015,10,-2.0,-1.0,1.0
12381,244,2015,9,-2.0,-1.0,1.0
12382,244,2015,8,-4.0,-1.0,3.0
12414,246,2016,8,-1.0,-2.0,-1.0
12422,246,2015,12,3.0,-1.0,-4.0
12423,246,2015,11,2.0,-1.0,-3.0
12424,246,2015,10,1.0,-1.0,-2.0
12425,246,2015,9,-2.0,-2.0,0.0
12426,246,2015,8,-4.0,-2.0,2.0
12437,247,2016,8,2.0,-1.0,-3.0
12445,247,2015,12,14.0,-1.0,-15.0
12446,247,2015,11,10.0,-1.0,-11.0
12447,247,2015,10,6.0,-1.0,-7.0
12448,247,2015,9,6.0,-1.0,-7.0
12449,247,2015,8,0.0,-1.0,-1.0
12472,248,2016,8,2.0,-2.0,-4.0
12480,248,2015,12,6.0,-1.0,-7.0
12481,248,2015,11,5.0,-1.0,-6.0
12482,248,2015,10,4.0,-1.0,-5.0
12483,248,2015,9,3.0,-1.0,-4.0
12484,248,2015,8,-0.0,-1.0,-1.0
12588,249,2016,8,-2.0,-2.0,0.0
12596,249,2015,12,-2.0,-1.0,1.0
12597,249,2015,11,13.0,-1.0,-14.0
12598,249,2015,10,14.0,-1.0,-15.0
12599,249,2015,9,15.0,-1.0,-16.0
12600,249,2015,8,4.0,-1.0,-5.0
12638,250,2016,8,-5.0,-1.0,4.0
12646,250,2015,12,-4.0,-1.0,3.0
12647,250,2015,11,-4.0,-1.0,3.0
12648,250,2015,10,-3.0,-1.0,2.0
12649,250,2015,9,-4.0,-1.0,3.0
12650,250,2015,8,-4.0,-1.0,3.0
12754,251,2016,8,-3.0,-1.0,2.0
12762,251,2015,12,-3.0,-1.0,2.0
12763,251,2015,11,-3.0,-1.0,2.0
12764,251,2015,10,-2.0,-1.0,1.0
12765,251,2015,9,-3.0,-1.0,2.0
12766,251,2015,8,-3.0,-1.0,2.0
12818,252,2016,8,-4.0,-2.0,2.0
12826,252,2015,12,-2.0,-1.0,1.0
12827,252,2015,11,-3.0,-1.0,2.0
12828,252,2015,10,-2.0,-1.0,1.0
12829,252,2015,9,-2.0,-1.0,1.0
12830,252,2015,8,-3.0,-1.0,2.0
12934,253,2016,8,-3.0,-2.0,1.0
12942,253,2015,12,2.0,-1.0,-3.0
12943,253,2015,11,-1.0,-1.0,0.0
12944,253,2015,10,2.0,-1.0,-3.0
12945,253,2015,9,3.0,-1.0,-4.0
12946,253,2015,8,-0.0,-1.0,-1.0
12952,254,2016,8,3.0,-1.0,-4.0
12960,254,2015,12,4.0,-1.0,-5.0
12961,254,2015,11,4.0,-1.0,-5.0
12962,254,2015,10,4.0,-1.0,-5.0
12963,254,2015,9,4.0,-1.0,-5.0
12964,254,2015,8,4.0,-1.0,-5.0
13065,255,2016,8,-3.0,-2.0,1.0
13073,255,2015,12,3.0,-1.0,-4.0
13074,255,2015,11,-2.0,-1.0,1.0
13075,255,2015,10,0.0,-1.0,-1.0
13076,255,2015,9,-3.0,-1.0,2.0
13077,255,2015,8,-1.0,-1.0,0.0
13083,256,2016,8,-3.0,-2.0,1.0
13091,256,2015,12,-3.0,-1.0,2.0
13092,256,2015,11,-3.0,-1.0,2.0
13093,256,2015,10,-2.0,-1.0,1.0
13094,256,2015,9,-3.0,-1.0,2.0
13095,256,2015,8,-2.0,-1.0,1.0
13136,257,2016,8,-3.0,-2.0,1.0
13144,257,2015,12,-2.0,-1.0,1.0
13145,257,2015,11,-3.0,-1.0,2.0
13146,257,2015,9,-3.0,-1.0,2.0
13211,258,2016,8,-4.0,-1.0,3.0
13224,259,2016,8,-4.0,-2.0,2.0
13231,259,2015,12,-4.0,-1.0,3.0
13232,259,2015,11,-3.0,-1.0,2.0
13233,259,2015,10,-4.0,-1.0,3.0
13234,259,2015,9,-4.0,-1.0,3.0
13235,259,2015,8,-4.0,-1.0,3.0
13310,260,2016,8,3.0,-1.0,-4.0
13318,260,2015,12,-1.0,-1.0,0.0
13319,260,2015,11,1.0,-1.0,-2.0
13320,260,2015,10,1.0,-1.0,-2.0
13321,260,2015,9,-0.0,-1.0,-1.0
13322,260,2015,8,0.0,-1.0,-1.0
13343,261,2016,8,-1.0,-2.0,-1.0
13350,261,2015,12,-2.0,-1.0,1.0
13351,261,2015,11,-2.0,-1.0,1.0
13352,261,2015,10,-0.0,-1.0,-1.0
13353,261,2015,9,-1.0,-1.0,0.0
13354,261,2015,8,-3.0,-1.0,2.0
13424,262,2016,8,1.0,-2.0,-3.0
13432,262,2015,12,6.0,-1.0,-7.0
13433,262,2015,11,5.0,-1.0,-6.0
13434,262,2015,10,5.0,-1.0,-6.0
13435,262,2015,9,3.0,-1.0,-4.0
13436,262,2015,8,2.0,-1.0,-3.0
13508,264,2015,12,-1.0,-1.0,0.0
13509,264,2015,11,-0.0,-1.0,-1.0
13510,264,2015,10,-0.0,-1.0,-1.0
13511,264,2015,9,-1.0,-1.0,0.0
13512,264,2015,8,-1.0,-1.0,0.0
13611,267,2016,8,-2.0,-2.0,0.0
13619,267,2015,12,-4.0,-1.0,3.0
13620,267,2015,11,1.0,-1.0,-2.0
13621,267,2015,10,2.0,-1.0,-3.0
13622,267,2015,9,2.0,-1.0,-3.0
13623,267,2015,8,-2.0,-1.0,1.0
13633,268,2016,8,1.0,-2.0,-3.0
13641,268,2015,12,2.0,-1.0,-3.0
13642,268,2015,11,3.0,-1.0,-4.0
13643,268,2015,10,3.0,-1.0,-4.0
13644,268,2015,9,2.0,-1.0,-3.0
13645,268,2015,8,1.0,-1.0,-2.0
13689,269,2016,8,-4.0,-1.0,3.0
13697,269,2015,12,-3.0,-1.0,2.0
13698,269,2015,11,-3.0,-1.0,2.0
13699,269,2015,10,-3.0,-1.0,2.0
13700,269,2015,9,-3.0,-1.0,2.0
13701,269,2015,8,-4.0,-1.0,3.0
13805,270,2016,8,-0.0,-2.0,-2.0
13813,270,2015,12,5.0,-1.0,-6.0
13814,270,2015,11,4.0,-1.0,-5.0
13815,270,2015,10,3.0,-1.0,-4.0
13816,270,2015,9,1.0,-2.0,-3.0
13817,270,2015,8,-0.0,-2.0,-2.0
13861,271,2016,8,-3.0,-1.0,2.0
13869,271,2015,12,-0.0,-1.0,-1.0
13870,271,2015,11,-1.0,-1.0,0.0
13871,271,2015,10,-2.0,-1.0,1.0
13872,271,2015,9,-0.0,-1.0,-1.0
13873,271,2015,8,-1.0,-1.0,0.0
13905,272,2016,8,-2.0,-1.0,1.0
13913,272,2015,12,2.0,-1.0,-3.0
13914,272,2015,11,1.0,-1.0,-2.0
13915,272,2015,10,-0.0,-1.0,-1.0
13916,272,2015,9,0.0,-1.0,-1.0
13917,272,2015,8,-2.0,-1.0,1.0
13928,273,2016,8,14.0,-1.0,-15.0
13936,273,2015,12,2.0,-1.0,-3.0
13937,273,2015,11,-1.0,-1.0,0.0
13938,273,2015,10,-0.0,-1.0,-1.0
13939,273,2015,9,2.0,-1.0,-3.0
13940,273,2015,8,-1.0,-1.0,0.0
13965,274,2016,8,-3.0,-1.0,2.0
13973,274,2015,12,1.0,-1.0,-2.0
13974,274,2015,9,2.0,-1.0,-3.0
13975,274,2015,8,1.0,-1.0,-2.0
13987,276,2016,8,-3.0,-2.0,1.0
13995,276,2015,12,-4.0,-1.0,3.0
13996,276,2015,11,-4.0,-1.0,3.0
13997,276,2015,10,-4.0,-1.0,3.0
13998,276,2015,9,-4.0,-1.0,3.0
13999,276,2015,8,-3.0,-1.0,2.0
14072,277,2016,8,-4.0,-2.0,2.0
14080,277,2015,12,7.0,-1.0,-8.0
14081,277,2015,11,3.0,-1.0,-4.0
14082,277,2015,10,1.0,-1.0,-2.0
14083,277,2015,9,0.0,-1.0,-1.0
14084,277,2015,8,0.0,-1.0,-1.0
14089,278,2016,8,-2.0,-2.0,0.0
14095,278,2015,12,-2.0,-1.0,1.0
14096,278,2015,11,-2.0,-1.0,1.0
14097,278,2015,10,-2.0,-2.0,0.0
14098,278,2015,9,-2.0,-2.0,0.0
14099,278,2015,8,-2.0,-2.0,0.0
14180,280,2016,8,-1.0,-2.0,-1.0
14187,280,2015,12,3.0,-1.0,-4.0
14188,280,2015,11,1.0,-1.0,-2.0
14189,280,2015,10,1.0,-1.0,-2.0
14190,280,2015,9,-0.0,-1.0,-1.0
14191,280,2015,8,-1.0,-1.0,0.0
14259,281,2016,8,-3.0,-2.0,1.0
14267,281,2015,12,-0.0,-1.0,-1.0
14268,281,2015,11,-2.0,-1.0,1.0
14269,281,2015,10,-2.0,-1.0,1.0
14270,281,2015,9,-1.0,-1.0,0.0
14271,281,2015,8,-2.0,-1.0,1.0
14325,282,2016,8,-4.0,-2.0,2.0
14333,282,2015,12,-4.0,-1.0,3.0
14334,282,2015,11,-4.0,-1.0,3.0
14335,282,2015,10,-4.0,-1.0,3.0
14336,282,2015,9,-2.0,-1.0,1.0
14337,282,2015,8,-3.0,-1.0,2.0
14471,285,2016,8,-3.0,-1.0,2.0
14479,285,2015,12,-2.0,-1.0,1.0
14480,285,2015,11,-3.0,-1.0,2.0
14481,285,2015,10,-3.0,-1.0,2.0
14482,285,2015,9,-3.0,-1.0,2.0
14483,285,2015,8,-3.0,-1.0,2.0
14551,286,2016,8,0.0,-1.0,-1.0
14559,286,2015,12,2.0,-1.0,-3.0
14560,286,2015,11,1.0,-1.0,-2.0
14561,286,2015,10,2.0,-1.0,-3.0
14562,286,2015,9,1.0,-1.0,-2.0
14563,286,2015,8,1.0,-1.0,-2.0
14645,287,2015,12,-3.0,-1.0,2.0
14646,287,2015,11,-3.0,-1.0,2.0
14647,287,2015,10,-3.0,-1.0,2.0
14648,287,2015,9,-4.0,-1.0,3.0
14649,287,2015,8,-4.0,-1.0,3.0
14702,288,2016,8,-4.0,-2.0,2.0
14710,288,2015,12,-2.0,-1.0,1.0
14711,288,2015,11,-2.0,-1.0,1.0
14712,288,2015,10,-3.0,-1.0,2.0
14713,288,2015,9,-4.0,-1.0,3.0
14714,288,2015,8,-4.0,-1.0,3.0
14785,289,2016,8,-3.0,-2.0,1.0
14793,289,2015,12,3.0,-1.0,-4.0
14794,289,2015,11,2.0,-1.0,-3.0
14795,289,2015,10,2.0,-1.0,-3.0
14796,289,2015,9,-2.0,-1.0,1.0
14797,289,2015,8,-3.0,-1.0,2.0
14807,290,2016,8,-1.0,-1.0,0.0
14815,290,2015,12,0.0,-1.0,-1.0
14816,290,2015,11,0.0,-1.0,-1.0
14817,290,2015,10,0.0,-1.0,-1.0
14818,290,2015,9,2.0,-1.0,-3.0
14819,290,2015,8,2.0,-1.0,-3.0
14828,291,2016,8,-3.0,-2.0,1.0
14836,291,2015,12,-3.0,-1.0,2.0
14837,291,2015,11,-3.0,-1.0,2.0
14838,291,2015,10,-3.0,-1.0,2.0
14839,291,2015,9,-3.0,-1.0,2.0
14840,291,2015,8,-3.0,-1.0,2.0
14941,292,2016,8,-3.0,-2.0,1.0
14949,292,2015,12,-1.0,-1.0,0.0
14950,292,2015,11,-2.0,-1.0,1.0
14951,292,2015,10,-2.0,-2.0,0.0
14952,292,2015,9,-3.0,-2.0,1.0
14953,292,2015,8,-3.0,-2.0,1.0
15026,294,2016,8,-4.0,-2.0,2.0
15034,294,2015,12,1.0,-1.0,-2.0
15035,294,2015,11,-0.0,-1.0,-1.0
15036,294,2015,10,0.0,-1.0,-1.0
15037,294,2015,9,-2.0,-1.0,1.0
15038,294,2015,8,-2.0,-1.0,1.0
15055,296,2016,8,2.0,-1.0,-3.0
15063,296,2015,12,7.0,-1.0,-8.0
15064,296,2015,11,8.0,-1.0,-9.0
15065,296,2015,10,5.0,-1.0,-6.0
15066,296,2015,9,4.0,-1.0,-5.0
15067,296,2015,8,4.0,-1.0,-5.0
15133,297,2016,8,-3.0,-2.0,1.0
15139,297,2015,12,-3.0,-1.0,2.0
15140,297,2015,11,-3.0,-1.0,2.0
15141,297,2015,10,-2.0,-1.0,1.0
15142,297,2015,9,-1.0,-1.0,0.0
15203,298,2016,8,-3.0,-2.0,1.0
15211,298,2015,12,0.0,-1.0,-1.0
15212,298,2015,11,0.0,-1.0,-1.0
15213,298,2015,10,1.0,-1.0,-2.0
15214,298,2015,9,-0.0,-2.0,-2.0
15215,298,2015,8,-1.0,-2.0,-1.0
15223,299,2016,8,-3.0,-2.0,1.0
15231,299,2015,12,4.0,-1.0,-5.0
15232,299,2015,11,-2.0,-1.0,1.0
15233,299,2015,10,-3.0,-2.0,1.0
15234,299,2015,9,-3.0,-2.0,1.0
15235,299,2015,8,-4.0,-2.0,2.0
15243,300,2016,8,-2.0,-2.0,0.0
15251,300,2015,12,-1.0,-1.0,0.0
15252,300,2015,11,-1.0,-1.0,0.0
15253,300,2015,10,-1.0,-1.0,0.0
15254,300,2015,9,-1.0,-2.0,-1.0
15255,300,2015,8,-1.0,-2.0,-1.0
15287,301,2016,8,-1.0,-2.0,-1.0
15295,301,2015,12,9.0,-1.0,-10.0
15296,301,2015,11,3.0,-1.0,-4.0
15297,301,2015,10,4.0,-1.0,-5.0
15298,301,2015,9,1.0,-1.0,-2.0
15299,301,2015,8,1.0,-1.0,-2.0
15307,302,2016,8,0.0,-1.0,-1.0
15315,302,2015,12,6.0,-1.0,-7.0
15316,302,2015,11,1.0,-1.0,-2.0
15317,302,2015,10,-0.0,-1.0,-1.0
15318,302,2015,9,0.0,-1.0,-1.0
15319,302,2015,8,-1.0,-1.0,0.0
15423,303,2016,8,-6.0,-1.0,5.0
15431,303,2015,12,7.0,-1.0,-8.0
15432,303,2015,11,3.0,-1.0,-4.0
15433,303,2015,10,0.0,-1.0,-1.0
15434,303,2015,9,-3.0,-1.0,2.0
15435,303,2015,8,-5.0,-1.0,4.0
15440,304,2016,8,-2.0,-1.0,1.0
15444,304,2015,10,-1.0,-1.0,0.0
15445,304,2015,9,-2.0,-1.0,1.0
15446,304,2015,8,-2.0,-1.0,1.0
15549,305,2016,8,2.0,-2.0,-4.0
15557,305,2015,12,2.0,-1.0,-3.0
15558,305,2015,11,7.0,-1.0,-8.0
15559,305,2015,10,8.0,-1.0,-9.0
15560,305,2015,9,5.0,-1.0,-6.0
15561,305,2015,8,0.0,-1.0,-1.0
15570,306,2016,8,-3.0,-2.0,1.0
15577,306,2015,12,6.0,-1.0,-7.0
15578,306,2015,11,7.0,-1.0,-8.0
15579,306,2015,10,3.0,-1.0,-4.0
15580,306,2015,9,1.0,-1.0,-2.0
15581,306,2015,8,-3.0,-1.0,2.0
15631,307,2016,8,-2.0,-2.0,0.0
15639,307,2015,12,2.0,-1.0,-3.0
15640,307,2015,11,-2.0,-1.0,1.0
15641,307,2015,10,-1.0,-1.0,0.0
15642,307,2015,9,-2.0,-1.0,1.0
15643,307,2015,8,-3.0,-1.0,2.0
15652,308,2016,8,-1.0,-1.0,0.0
15660,308,2015,12,-1.0,-1.0,0.0
15661,308,2015,11,-2.0,-1.0,1.0
15662,308,2015,10,-2.0,-1.0,1.0
15663,308,2015,9,-1.0,-1.0,0.0
15664,308,2015,8,-2.0,-1.0,1.0
15728,309,2016,8,-3.0,-1.0,2.0
15733,309,2015,12,-3.0,-1.0,2.0
15734,309,2015,11,-3.0,-1.0,2.0
15735,309,2015,9,-3.0,-1.0,2.0
15736,309,2015,8,-3.0,-1.0,2.0
15847,311,2016,8,-2.0,-2.0,0.0
15855,311,2015,12,0.0,-1.0,-1.0
15856,311,2015,11,-2.0,-1.0,1.0
15857,311,2015,10,-1.0,-1.0,0.0
15858,311,2015,9,-1.0,-1.0,0.0
15859,311,2015,8,-4.0,-1.0,3.0
15889,312,2016,8,-4.0,-2.0,2.0
15897,312,2015,12,6.0,-1.0,-7.0
15898,312,2015,11,3.0,-1.0,-4.0
15899,312,2015,10,-0.0,-1.0,-1.0
15900,312,2015,9,-2.0,-1.0,1.0
15901,312,2015,8,-3.0,-1.0,2.0
15918,313,2016,8,1.0,-2.0,-3.0
15926,313,2015,12,10.0,-1.0,-11.0
15927,313,2015,11,6.0,-1.0,-7.0
15928,313,2015,10,4.0,-1.0,-5.0
15929,313,2015,9,1.0,-1.0,-2.0
15930,313,2015,8,-2.0,-1.0,1.0
15967,314,2016,8,-2.0,-1.0,1.0
15975,314,2015,12,-1.0,-1.0,0.0
15976,314,2015,11,-1.0,-1.0,0.0
15977,314,2015,10,-1.0,-1.0,0.0
15978,314,2015,9,-2.0,-1.0,1.0
15979,314,2015,8,-1.0,-1.0,0.0
16029,315,2016,8,1.0,-1.0,-2.0
16036,315,2015,12,1.0,-1.0,-2.0
16037,315,2015,11,2.0,-1.0,-3.0
16038,315,2015,10,2.0,-1.0,-3.0
16039,315,2015,9,2.0,-1.0,-3.0
16040,315,2015,8,2.0,-1.0,-3.0
16174,318,2016,8,-0.0,-1.0,-1.0
16182,318,2015,12,2.0,-1.0,-3.0
16183,318,2015,11,3.0,-1.0,-4.0
16184,318,2015,10,2.0,-1.0,-3.0
16185,318,2015,9,4.0,-1.0,-5.0
16186,318,2015,8,2.0,-1.0,-3.0
16285,319,2016,8,2.0,-2.0,-4.0
16293,319,2015,12,3.0,-1.0,-4.0
16294,319,2015,11,4.0,-1.0,-5.0
16295,319,2015,10,2.0,-1.0,-3.0
16296,319,2015,9,2.0,-1.0,-3.0
16297,319,2015,8,1.0,-1.0,-2.0
16410,321,2016,8,-4.0,-2.0,2.0
16418,321,2015,12,1.0,-1.0,-2.0
16419,321,2015,11,0.0,-1.0,-1.0
16420,321,2015,10,-1.0,-1.0,0.0
16421,321,2015,9,-2.0,-1.0,1.0
16422,321,2015,8,-3.0,-1.0,2.0
16525,322,2016,8,6.0,-2.0,-8.0
16533,322,2015,12,9.0,-1.0,-10.0
16534,322,2015,11,1.0,-1.0,-2.0
16535,322,2015,10,0.0,-1.0,-1.0
16536,322,2015,9,6.0,-1.0,-7.0
16537,322,2015,8,-1.0,-1.0,0.0
16592,323,2016,8,2.0,-2.0,-4.0
16600,323,2015,12,8.0,-1.0,-9.0
16601,323,2015,11,7.0,-1.0,-8.0
16602,323,2015,10,1.0,-1.0,-2.0
16603,323,2015,9,-8.0,-1.0,7.0
16604,323,2015,8,-1.0,-1.0,0.0
16608,324,2016,8,4.0,-1.0,-5.0
16616,324,2015,12,4.0,-1.0,-5.0
16617,324,2015,11,4.0,-1.0,-5.0
16618,324,2015,10,3.0,-1.0,-4.0
16619,324,2015,9,2.0,-1.0,-3.0
16620,324,2015,8,-0.0,-1.0,-1.0
16693,326,2016,8,-4.0,-1.0,3.0
16701,326,2015,12,-2.0,-1.0,1.0
16702,326,2015,11,-3.0,-1.0,2.0
16703,326,2015,10,-2.0,-1.0,1.0
16704,326,2015,9,-1.0,-1.0,0.0
16705,326,2015,8,-2.0,-1.0,1.0
16779,327,2015,12,1.0,-1.0,-2.0
16780,327,2015,11,0.0,-1.0,-1.0
16781,327,2015,10,0.0,-1.0,-1.0
16782,327,2015,9,-0.0,-1.0,-1.0
16783,327,2015,8,-1.0,-1.0,0.0
16913,329,2015,12,7.0,-1.0,-8.0
16914,329,2015,10,-2.0,-2.0,0.0
16915,329,2015,9,-2.0,-2.0,0.0
16916,329,2015,8,-2.0,-2.0,0.0
16958,330,2015,11,-1.0,-1.0,0.0
16959,330,2015,10,-2.0,-1.0,1.0
16960,330,2015,9,-2.0,-2.0,0.0
16961,330,2015,8,-3.0,-2.0,1.0
17189,335,2016,8,-3.0,-2.0,1.0
17197,335,2015,12,-1.0,-1.0,0.0
17198,335,2015,11,-3.0,-1.0,2.0
17199,335,2015,10,-3.0,-1.0,2.0
17200,335,2015,9,-3.0,-1.0,2.0
17201,335,2015,8,-4.0,-1.0,3.0
17245,336,2016,8,-1.0,-2.0,-1.0
17253,336,2015,12,1.0,-1.0,-2.0
17254,336,2015,11,0.0,-1.0,-1.0
17255,336,2015,10,0.0,-1.0,-1.0
17256,336,2015,9,-2.0,-1.0,1.0
17257,336,2015,8,-2.0,-1.0,1.0
17451,339,2015,12,-1.0,-1.0,0.0
17452,339,2015,11,-2.0,-1.0,1.0
17453,339,2015,10,-2.0,-1.0,1.0
17454,339,2015,9,-1.0,-1.0,0.0
17455,339,2015,8,-2.0,-1.0,1.0
17529,341,2016,8,1.0,-2.0,-3.0
17537,341,2015,12,-0.0,-1.0,-1.0
17538,341,2015,11,2.0,-1.0,-3.0
17539,341,2015,10,2.0,-1.0,-3.0
17540,341,2015,9,4.0,-1.0,-5.0
17541,341,2015,8,0.0,-1.0,-1.0
17552,342,2016,8,-0.0,-1.0,-1.0
17560,342,2015,12,1.0,-1.0,-2.0
17561,342,2015,11,-0.0,-1.0,-1.0
17562,342,2015,10,1.0,-1.0,-2.0
17563,342,2015,9,2.0,-1.0,-3.0
17564,342,2015,8,-0.0,-1.0,-1.0
17621,343,2016,8,-1.0,-1.0,0.0
17629,343,2015,12,1.0,-1.0,-2.0
17630,343,2015,11,1.0,-1.0,-2.0
17631,343,2015,10,0.0,-1.0,-1.0
17632,343,2015,9,-0.0,-1.0,-1.0
17633,343,2015,8,-0.0,-1.0,-1.0
17656,344,2016,8,-2.0,-2.0,0.0
17663,344,2015,12,-2.0,-1.0,1.0
17664,344,2015,11,-2.0,-1.0,1.0
17665,344,2015,10,-2.0,-1.0,1.0
17666,344,2015,9,-2.0,-1.0,1.0
17667,344,2015,8,-2.0,-2.0,0.0
17754,345,2016,8,1.0,-2.0,-3.0
17762,345,2015,12,-3.0,-1.0,2.0
17763,345,2015,11,7.0,-1.0,-8.0
17764,345,2015,10,7.0,-1.0,-8.0
17765,345,2015,9,5.0,-1.0,-6.0
17766,345,2015,8,1.0,-1.0,-2.0
17774,346,2016,8,-5.0,-2.0,3.0
17782,346,2015,12,-2.0,-1.0,1.0
17783,346,2015,11,-2.0,-1.0,1.0
17784,346,2015,10,-3.0,-1.0,2.0
17785,346,2015,9,-2.0,-2.0,0.0
17786,346,2015,8,-2.0,-2.0,0.0
17807,347,2016,8,-4.0,-1.0,3.0
17815,347,2015,12,-4.0,-1.0,3.0
17816,347,2015,11,-4.0,-1.0,3.0
17817,347,2015,10,-2.0,-1.0,1.0
17818,347,2015,9,-2.0,-1.0,1.0
17819,347,2015,8,-4.0,-1.0,3.0
17923,348,2016,8,-1.0,-2.0,-1.0
17931,348,2015,12,1.0,-1.0,-2.0
17932,348,2015,11,-1.0,-1.0,0.0
17933,348,2015,10,-5.0,-2.0,3.0
17934,348,2015,9,-5.0,-2.0,3.0
17935,348,2015,8,-5.0,-2.0,3.0
17943,349,2016,8,-2.0,-2.0,0.0
17951,349,2015,12,-2.0,-1.0,1.0
17952,349,2015,11,1.0,-1.0,-2.0
17953,349,2015,10,0.0,-1.0,-1.0
17954,349,2015,9,0.0,-1.0,-1.0
17955,349,2015,8,-1.0,-1.0,0.0
18008,350,2016,8,-3.0,-2.0,1.0
18016,350,2015,12,-3.0,-1.0,2.0
18017,350,2015,11,-3.0,-1.0,2.0
18018,350,2015,10,-3.0,-1.0,2.0
18019,350,2015,9,-3.0,-1.0,2.0
18020,350,2015,8,-3.0,-2.0,1.0
18087,352,2015,12,-3.0,-1.0,2.0
18088,352,2015,11,-3.0,-1.0,2.0
18089,352,2015,10,-2.0,-2.0,0.0
18090,352,2015,9,-3.0,-2.0,1.0
18091,352,2015,8,-3.0,-2.0,1.0
18195,354,2016,8,-2.0,-2.0,0.0
18203,354,2015,12,6.0,-1.0,-7.0
18204,354,2015,11,4.0,-1.0,-5.0
18205,354,2015,10,3.0,-1.0,-4.0
18206,354,2015,9,2.0,-1.0,-3.0
18207,354,2015,8,1.0,-2.0,-3.0
18230,355,2015,12,0.0,-1.0,-1.0
18231,355,2015,11,-1.0,-1.0,0.0
18232,355,2015,10,-0.0,-1.0,-1.0
18233,355,2015,9,-0.0,-1.0,-1.0
18234,355,2015,8,0.0,-1.0,-1.0
18317,357,2016,8,0.0,-1.0,-1.0
18325,357,2015,12,4.0,-1.0,-5.0
18326,357,2015,11,4.0,-1.0,-5.0
18327,357,2015,10,3.0,-1.0,-4.0
18328,357,2015,9,2.0,-1.0,-3.0
18329,357,2015,8,0.0,-1.0,-1.0
18384,359,2016,8,-0.0,-2.0,-2.0
18392,359,2015,12,1.0,-1.0,-2.0
18393,359,2015,11,8.0,-1.0,-9.0
18394,359,2015,10,2.0,-1.0,-3.0
18395,359,2015,9,1.0,-1.0,-2.0
18396,359,2015,8,1.0,-1.0,-2.0
18456,360,2016,8,2.0,-1.0,-3.0
18464,360,2015,12,-1.0,-1.0,0.0
18465,360,2015,11,0.0,-1.0,-1.0
18466,360,2015,10,0.0,-1.0,-1.0
18467,360,2015,9,-0.0,-1.0,-1.0
18468,360,2015,8,-1.0,-1.0,0.0
18572,361,2016,8,7.0,-1.0,-8.0
18579,361,2015,12,9.0,-1.0,-10.0
18580,361,2015,11,14.0,-1.0,-15.0
18581,361,2015,10,8.0,-1.0,-9.0
18582,361,2015,9,1.0,-1.0,-2.0
18583,361,2015,8,1.0,-1.0,-2.0
18617,365,2015,12,-2.0,-1.0,1.0
18618,365,2015,11,-2.0,-1.0,1.0
18619,365,2015,8,-2.0,-1.0,1.0
18719,367,2016,8,2.0,-1.0,-3.0
18727,367,2015,12,-2.0,-1.0,1.0
18728,367,2015,11,-3.0,-1.0,2.0
18729,367,2015,10,-3.0,-1.0,2.0
18730,367,2015,9,-3.0,-1.0,2.0
18731,367,2015,8,-4.0,-1.0,3.0
18834,368,2016,8,3.0,-2.0,-5.0
18842,368,2015,12,2.0,2.0,0.0
18843,368,2015,11,4.0,-2.0,-6.0
18844,368,2015,10,3.0,-2.0,-5.0
18845,368,2015,9,3.0,-2.0,-5.0
18846,368,2015,8,2.0,-2.0,-4.0
18908,369,2016,8,3.0,-1.0,-4.0
18916,369,2015,12,1.0,-1.0,-2.0
18917,369,2015,11,1.0,-1.0,-2.0
18918,369,2015,10,0.0,-1.0,-1.0
18919,369,2015,9,1.0,-1.0,-2.0
18920,369,2015,8,0.0,-1.0,-1.0
18950,370,2016,8,4.0,-2.0,-6.0
18958,370,2015,12,9.0,-1.0,-10.0
18959,370,2015,11,7.0,-1.0,-8.0
18960,370,2015,10,7.0,-1.0,-8.0
18961,370,2015,9,5.0,-1.0,-6.0
18962,370,2015,8,4.0,-1.0,-5.0
19089,374,2016,8,-3.0,-2.0,1.0
19097,374,2015,12,8.0,-1.0,-9.0
19098,374,2015,11,-2.0,-1.0,1.0
19099,374,2015,10,2.0,-1.0,-3.0
19100,374,2015,9,1.0,-2.0,-3.0
19101,374,2015,8,0.0,-2.0,-2.0
19108,376,2016,8,-5.0,-2.0,3.0
19116,376,2015,12,-2.0,-1.0,1.0
19117,376,2015,11,-4.0,-1.0,3.0
19118,376,2015,10,-5.0,-1.0,4.0
19119,376,2015,9,-5.0,-1.0,4.0
19120,376,2015,8,-5.0,-1.0,4.0
19215,377,2016,8,-4.0,-2.0,2.0
19223,377,2015,12,-3.0,-1.0,2.0
19224,377,2015,11,-2.0,-1.0,1.0
19225,377,2015,10,-3.0,-1.0,2.0
19226,377,2015,9,-3.0,-1.0,2.0
19227,377,2015,8,-3.0,-1.0,2.0
19301,379,2016,8,1.0,-1.0,-2.0
19309,379,2015,12,3.0,-1.0,-4.0
19310,379,2015,11,3.0,-1.0,-4.0
19311,379,2015,10,0.0,-1.0,-1.0
19312,379,2015,9,2.0,-1.0,-3.0
19313,379,2015,8,-0.0,-1.0,-1.0
19381,380,2016,8,-0.0,-2.0,-2.0
19389,380,2015,12,4.0,-1.0,-5.0
19390,380,2015,11,3.0,-1.0,-4.0
19391,380,2015,10,-0.0,-1.0,-1.0
19392,380,2015,9,-2.0,-1.0,1.0
19393,380,2015,8,-2.0,-1.0,1.0
19415,381,2016,8,0.0,-2.0,-2.0
19423,381,2015,12,8.0,-1.0,-9.0
19424,381,2015,11,4.0,-1.0,-5.0
19425,381,2015,10,2.0,-1.0,-3.0
19426,381,2015,9,-1.0,-1.0,0.0
19427,381,2015,8,-2.0,-1.0,1.0
19443,382,2016,8,-3.0,-2.0,1.0
19446,382,2015,12,-2.0,-1.0,1.0
19552,384,2016,8,-3.0,-1.0,2.0
19556,384,2015,12,-3.0,-1.0,2.0
19557,384,2015,11,-2.0,-1.0,1.0
19558,384,2015,10,-2.0,-1.0,1.0
19559,384,2015,9,-3.0,-1.0,2.0
19560,384,2015,8,-3.0,-1.0,2.0
19664,385,2016,8,3.0,-1.0,-4.0
19672,385,2015,12,3.0,-1.0,-4.0
19673,385,2015,11,1.0,-1.0,-2.0
19674,385,2015,10,-3.0,-1.0,2.0
19675,385,2015,9,-3.0,-1.0,2.0
19676,385,2015,8,-3.0,-1.0,2.0
19766,386,2016,8,7.0,-1.0,-8.0
19773,386,2015,12,-0.0,-1.0,-1.0
19774,386,2015,11,-1.0,-1.0,0.0
19775,386,2015,10,-1.0,-1.0,0.0
19776,386,2015,9,-2.0,-1.0,1.0
19777,386,2015,8,-2.0,-1.0,1.0
19863,388,2016,8,1.0,-1.0,-2.0
19871,388,2015,12,3.0,-1.0,-4.0
19872,388,2015,11,1.0,-1.0,-2.0
19873,388,2015,10,2.0,-1.0,-3.0
19874,388,2015,9,-0.0,-1.0,-1.0
19875,388,2015,8,-3.0,-1.0,2.0
19984,389,2015,12,-1.0,-1.0,0.0
19985,389,2015,11,-1.0,-1.0,0.0
19986,389,2015,10,-1.0,-1.0,0.0
19987,389,2015,9,-1.0,-1.0,0.0
19988,389,2015,8,-1.0,-1.0,0.0
20090,390,2016,8,-4.0,-1.0,3.0
20098,390,2015,12,-2.0,-1.0,1.0
20099,390,2015,11,2.0,-1.0,-3.0
20100,390,2015,10,-0.0,-1.0,-1.0
20101,390,2015,9,-1.0,-1.0,0.0
20102,390,2015,8,-3.0,-1.0,2.0
20113,391,2016,8,-2.0,-1.0,1.0
20121,391,2015,12,-1.0,-1.0,0.0
20122,391,2015,11,-1.0,-1.0,0.0
20123,391,2015,10,-1.0,-1.0,0.0
20124,391,2015,9,-2.0,-1.0,1.0
20125,391,2015,8,-2.0,-1.0,1.0
20130,392,2016,8,-2.0,-2.0,0.0
20138,392,2015,12,7.0,-1.0,-8.0
20139,392,2015,11,7.0,-1.0,-8.0
20140,392,2015,10,0.0,-1.0,-1.0
20141,392,2015,9,-1.0,-1.0,0.0
20142,392,2015,8,-1.0,-1.0,0.0
20147,394,2016,8,-4.0,-2.0,2.0
20155,394,2015,12,-4.0,-1.0,3.0
20156,394,2015,11,-4.0,-1.0,3.0
20157,394,2015,10,-3.0,-1.0,2.0
20158,394,2015,9,-4.0,-1.0,3.0
20159,394,2015,8,-5.0,-1.0,4.0
20201,395,2016,8,-4.0,-2.0,2.0
20208,395,2015,12,2.0,-1.0,-3.0
20209,395,2015,11,2.0,-1.0,-3.0
20210,395,2015,10,-1.0,-1.0,0.0
20211,395,2015,9,-3.0,-1.0,2.0
20212,395,2015,8,-3.0,-1.0,2.0
20316,396,2016,8,4.0,-2.0,-6.0
20324,396,2015,12,2.0,2.0,0.0
20325,396,2015,11,5.0,2.0,-3.0
20326,396,2015,10,3.0,2.0,-1.0
20327,396,2015,9,5.0,-2.0,-7.0
20328,396,2015,8,4.0,-2.0,-6.0
20432,398,2016,8,2.0,-2.0,-4.0
20440,398,2015,12,2.0,-1.0,-3.0
20441,398,2015,11,3.0,-1.0,-4.0
20442,398,2015,10,1.0,-1.0,-2.0
20443,398,2015,9,-0.0,-1.0,-1.0
20444,398,2015,8,-4.0,-1.0,3.0
20453,399,2016,8,-2.0,-2.0,0.0
20455,399,2015,12,-2.0,-1.0,1.0
20456,399,2015,10,-2.0,-1.0,1.0
20457,399,2015,9,-3.0,-2.0,1.0
20536,401,2016,8,-4.0,-2.0,2.0
20544,401,2015,12,1.0,-1.0,-2.0
20545,401,2015,11,-2.0,-1.0,1.0
20546,401,2015,10,-1.0,-1.0,0.0
20547,401,2015,9,-1.0,-1.0,0.0
20548,401,2015,8,-1.0,-1.0,0.0
20572,402,2016,8,-2.0,-1.0,1.0
20579,402,2015,12,4.0,-1.0,-5.0
20580,402,2015,11,2.0,-1.0,-3.0
20581,402,2015,10,2.0,-1.0,-3.0
20582,402,2015,9,5.0,-1.0,-6.0
20583,402,2015,8,1.0,-1.0,-2.0
20615,403,2016,8,-2.0,-2.0,0.0
20623,403,2015,12,-2.0,-1.0,1.0
20624,403,2015,11,-1.0,-1.0,0.0
20625,403,2015,10,-3.0,-1.0,2.0
20626,403,2015,9,-2.0,-1.0,1.0
20627,403,2015,8,-3.0,-1.0,2.0
20691,405,2016,8,-1.0,-2.0,-1.0
20697,405,2015,12,-2.0,-1.0,1.0
20698,405,2015,8,-3.0,-1.0,2.0
20783,406,2016,8,3.0,-2.0,-5.0
20791,406,2015,12,2.0,-1.0,-3.0
20792,406,2015,11,1.0,-1.0,-2.0
20793,406,2015,10,-1.0,-1.0,0.0
20794,406,2015,9,-1.0,-1.0,0.0
20795,406,2015,8,-5.0,-1.0,4.0
20827,407,2016,8,4.0,-2.0,-6.0
20834,407,2015,12,7.0,-1.0,-8.0
20835,407,2015,11,6.0,-1.0,-7.0
20836,407,2015,10,5.0,-1.0,-6.0
20837,407,2015,9,4.0,-1.0,-5.0
20838,407,2015,8,4.0,-1.0,-5.0
20942,408,2016,8,-0.0,-1.0,-1.0
20950,408,2015,12,4.0,-1.0,-5.0
20951,408,2015,11,3.0,-1.0,-4.0
20952,408,2015,10,3.0,-1.0,-4.0
20953,408,2015,9,3.0,-1.0,-4.0
20954,408,2015,8,0.0,-1.0,-1.0
21058,409,2016,8,-1.0,-1.0,0.0
21066,409,2015,12,-0.0,-1.0,-1.0
21067,409,2015,11,-0.0,-1.0,-1.0
21068,409,2015,10,0.0,-1.0,-1.0
21069,409,2015,9,-1.0,-1.0,0.0
21070,409,2015,8,-1.0,-1.0,0.0
21173,410,2016,8,-1.0,-2.0,-1.0
21181,410,2015,12,1.0,-1.0,-2.0
21182,410,2015,11,0.0,-1.0,-1.0
21183,410,2015,10,0.0,-1.0,-1.0
21184,410,2015,9,-1.0,-1.0,0.0
21185,410,2015,8,-2.0,-2.0,0.0
21289,411,2016,8,-4.0,-2.0,2.0
21297,411,2015,12,1.0,-1.0,-2.0
21298,411,2015,11,1.0,-1.0,-2.0
21299,411,2015,10,1.0,-1.0,-2.0
21300,411,2015,9,-3.0,-1.0,2.0
21301,411,2015,8,-4.0,-1.0,3.0
21337,412,2016,8,-2.0,-2.0,0.0
21345,412,2015,12,-0.0,-1.0,-1.0
21346,412,2015,11,-1.0,-1.0,0.0
21347,412,2015,10,-1.0,-1.0,0.0
21348,412,2015,9,-2.0,-1.0,1.0
21349,412,2015,8,-2.0,-1.0,1.0
21393,413,2015,12,-3.0,-1.0,2.0
21394,413,2015,11,-3.0,-1.0,2.0
21395,413,2015,10,-3.0,-1.0,2.0
21396,413,2015,9,-3.0,-1.0,2.0
21397,413,2015,8,-3.0,-1.0,2.0
21466,414,2016,8,-3.0,-2.0,1.0
21474,414,2015,12,-3.0,-1.0,2.0
21475,414,2015,11,-3.0,-1.0,2.0
21476,414,2015,10,-3.0,-2.0,1.0
21477,414,2015,9,-3.0,-2.0,1.0
21478,414,2015,8,-3.0,-2.0,1.0
21585,416,2015,9,-1.0,-1.0,0.0
21586,416,2015,8,-2.0,-1.0,1.0
21650,417,2015,10,-3.0,-1.0,2.0
21651,417,2015,9,-3.0,-1.0,2.0
21652,417,2015,8,-3.0,-1.0,2.0
21699,418,2016,8,-3.0,-2.0,1.0
21706,418,2015,12,0.0,-1.0,-1.0
21707,418,2015,11,-0.0,-1.0,-1.0
21708,418,2015,10,-0.0,-1.0,-1.0
21709,418,2015,9,-2.0,-1.0,1.0
21710,418,2015,8,-2.0,-1.0,1.0
21729,419,2015,12,-3.0,-1.0,2.0
21730,419,2015,11,-5.0,-1.0,4.0
21731,419,2015,10,-4.0,-1.0,3.0
21732,419,2015,9,-5.0,-1.0,4.0
21733,419,2015,8,-4.0,-1.0,3.0
21773,420,2016,8,-2.0,-1.0,1.0
21804,421,2016,8,-3.0,-1.0,2.0
21812,421,2015,12,6.0,-1.0,-7.0
21813,421,2015,11,4.0,-1.0,-5.0
21814,421,2015,10,2.0,-1.0,-3.0
21815,421,2015,9,2.0,-1.0,-3.0
21816,421,2015,8,3.0,-1.0,-4.0
21848,423,2016,8,-1.0,-2.0,-1.0
21856,423,2015,12,5.0,-1.0,-6.0
21857,423,2015,11,4.0,-1.0,-5.0
21858,423,2015,10,3.0,-1.0,-4.0
21859,423,2015,9,0.0,-1.0,-1.0
21860,423,2015,8,-3.0,-1.0,2.0
21881,424,2016,8,-4.0,-1.0,3.0
21889,424,2015,12,-1.0,-1.0,0.0
21890,424,2015,11,-1.0,-1.0,0.0
21891,424,2015,10,-0.0,-1.0,-1.0
21892,424,2015,9,-1.0,-1.0,0.0
21893,424,2015,8,0.0,-1.0,-1.0
21926,425,2016,8,3.0,-1.0,-4.0
21934,425,2015,12,6.0,-1.0,-7.0
21935,425,2015,11,3.0,-1.0,-4.0
21936,425,2015,10,4.0,-1.0,-5.0
21937,425,2015,9,3.0,-1.0,-4.0
21938,425,2015,8,2.0,-1.0,-3.0
21955,426,2016,8,-4.0,-2.0,2.0
21963,426,2015,12,2.0,-1.0,-3.0
21964,426,2015,11,1.0,-1.0,-2.0
21965,426,2015,10,1.0,-1.0,-2.0
21966,426,2015,9,-1.0,-1.0,0.0
21967,426,2015,8,-1.0,-1.0,0.0
22014,428,2015,10,-3.0,-1.0,2.0
22015,428,2015,9,-3.0,-1.0,2.0
22016,428,2015,8,-4.0,-2.0,2.0
22075,429,2016,8,0.0,-2.0,-2.0
22083,429,2015,12,-1.0,-1.0,0.0
22084,429,2015,11,4.0,-1.0,-5.0
22085,429,2015,10,5.0,-2.0,-7.0
22086,429,2015,9,4.0,-2.0,-6.0
22087,429,2015,8,1.0,-2.0,-3.0
22148,430,2016,8,-2.0,-2.0,0.0
22155,430,2015,12,-1.0,-1.0,0.0
22156,430,2015,11,-2.0,-1.0,1.0
22157,430,2015,10,-2.0,-1.0,1.0
22158,430,2015,9,-2.0,-1.0,1.0
22159,430,2015,8,-2.0,-1.0,1.0
22189,431,2016,8,-2.0,-2.0,0.0
22197,431,2015,12,-1.0,-1.0,0.0
22198,431,2015,11,-1.0,-1.0,0.0
22199,431,2015,10,-2.0,-1.0,1.0
22200,431,2015,9,-1.0,-1.0,0.0
22201,431,2015,8,-1.0,-1.0,0.0
22274,433,2016,8,-3.0,-2.0,1.0
22282,433,2015,12,-0.0,-1.0,-1.0
22283,433,2015,11,-1.0,-1.0,0.0
22284,433,2015,10,-1.0,-1.0,0.0
22285,433,2015,9,-0.0,-1.0,-1.0
22286,433,2015,8,-1.0,-2.0,-1.0
22390,434,2016,8,-0.0,-1.0,-1.0
22398,434,2015,12,-0.0,-1.0,-1.0
22399,434,2015,11,-0.0,-1.0,-1.0
22400,434,2015,10,0.0,-1.0,-1.0
22401,434,2015,9,-1.0,-1.0,0.0
22402,434,2015,8,-0.0,-1.0,-1.0
22455,435,2016,8,-1.0,-1.0,0.0
22463,435,2015,12,2.0,-1.0,-3.0
22464,435,2015,11,2.0,-1.0,-3.0
22465,435,2015,10,1.0,-1.0,-2.0
22466,435,2015,9,2.0,-1.0,-3.0
22467,435,2015,8,-1.0,-1.0,0.0
22498,436,2016,8,2.0,-1.0,-3.0
22506,436,2015,12,6.0,-1.0,-7.0
22507,436,2015,11,3.0,-1.0,-4.0
22508,436,2015,10,0.0,-1.0,-1.0
22509,436,2015,9,1.0,-1.0,-2.0
22510,436,2015,8,-0.0,-1.0,-1.0
22521,438,2016,8,-3.0,-2.0,1.0
22529,438,2015,12,-1.0,-1.0,0.0
22530,438,2015,11,-2.0,-1.0,1.0
22531,438,2015,10,-2.0,-1.0,1.0
22532,438,2015,9,-0.0,-1.0,-1.0
22533,438,2015,8,0.0,-1.0,-1.0
22607,439,2015,12,-1.0,-1.0,0.0
22608,439,2015,11,-1.0,-1.0,0.0
22609,439,2015,10,-2.0,-1.0,1.0
22610,439,2015,9,-2.0,-1.0,1.0
22611,439,2015,8,-2.0,-1.0,1.0
22666,441,2016,8,1.0,-2.0,-3.0
22674,441,2015,12,0.0,-1.0,-1.0
22675,441,2015,11,1.0,-1.0,-2.0
22676,441,2015,10,1.0,-1.0,-2.0
22677,441,2015,9,0.0,-1.0,-1.0
22678,441,2015,8,0.0,-1.0,-1.0
22782,442,2016,8,4.0,-1.0,-5.0
22790,442,2015,12,4.0,-1.0,-5.0
22791,442,2015,11,4.0,-1.0,-5.0
22792,442,2015,10,2.0,-1.0,-3.0
22793,442,2015,9,0.0,-1.0,-1.0
22794,442,2015,8,-1.0,-1.0,0.0
22805,443,2016,8,-2.0,-1.0,1.0
22813,443,2015,12,-2.0,-1.0,1.0
22814,443,2015,11,-2.0,-1.0,1.0
22815,443,2015,10,-3.0,-1.0,2.0
22816,443,2015,9,-2.0,-1.0,1.0
22817,443,2015,8,-2.0,-1.0,1.0
22898,444,2016,8,-3.0,-2.0,1.0
22906,444,2015,12,-1.0,-1.0,0.0
22907,444,2015,11,-3.0,-1.0,2.0
22908,444,2015,10,-1.0,-1.0,0.0
22909,444,2015,9,-3.0,-1.0,2.0
22910,444,2015,8,-3.0,-1.0,2.0
22993,447,2016,8,3.0,-2.0,-5.0
23001,447,2015,12,2.0,-1.0,-3.0
23002,447,2015,11,3.0,-1.0,-4.0
23003,447,2015,10,2.0,-1.0,-3.0
23004,447,2015,9,2.0,-1.0,-3.0
23005,447,2015,8,0.0,-1.0,-1.0
23106,449,2015,12,-1.0,-1.0,0.0
23107,449,2015,11,-1.0,-1.0,0.0
23108,449,2015,10,-1.0,-1.0,0.0
23109,449,2015,9,-1.0,-1.0,0.0
23110,449,2015,8,-2.0,-1.0,1.0
23174,450,2015,10,-3.0,-1.0,2.0
23175,450,2015,9,-3.0,-1.0,2.0
23204,451,2016,8,-4.0,-2.0,2.0
23212,451,2015,12,0.0,-1.0,-1.0
23213,451,2015,11,-1.0,-1.0,0.0
23214,451,2015,10,-1.0,-2.0,-1.0
23215,451,2015,9,-3.0,-2.0,1.0
23216,451,2015,8,-3.0,-2.0,1.0
23320,452,2016,8,1.0,-1.0,-2.0
23328,452,2015,12,-1.0,-1.0,0.0
23329,452,2015,11,-3.0,-1.0,2.0
23330,452,2015,10,-0.0,-1.0,-1.0
23331,452,2015,9,1.0,-1.0,-2.0
23332,452,2015,8,-1.0,-1.0,0.0
23395,454,2016,8,-3.0,-2.0,1.0
23403,454,2015,12,-2.0,-1.0,1.0
23404,454,2015,11,-2.0,-1.0,1.0
23405,454,2015,10,-2.0,-1.0,1.0
23406,454,2015,9,-2.0,-1.0,1.0
23407,454,2015,8,-3.0,-2.0,1.0
23471,455,2016,8,-1.0,-2.0,-1.0
23479,455,2015,12,1.0,-1.0,-2.0
23480,455,2015,11,1.0,-1.0,-2.0
23481,455,2015,10,-1.0,-1.0,0.0
23482,455,2015,9,-2.0,-1.0,1.0
23483,455,2015,8,-2.0,-1.0,1.0
23518,456,2015,10,-2.0,-1.0,1.0
23599,457,2016,8,-3.0,-1.0,2.0
23607,457,2015,12,-3.0,-1.0,2.0
23608,457,2015,11,-1.0,-1.0,0.0
23609,457,2015,10,-2.0,-1.0,1.0
23610,457,2015,9,-2.0,-1.0,1.0
23611,457,2015,8,-3.0,-1.0,2.0
23715,459,2016,8,5.0,-2.0,-7.0
23723,459,2015,12,-3.0,-1.0,2.0
23724,459,2015,11,-3.0,-1.0,2.0
23725,459,2015,10,-3.0,-1.0,2.0
23726,459,2015,9,-3.0,-1.0,2.0
23727,459,2015,8,-0.0,-1.0,-1.0
